Nr.;Datum;Zeit;P.Zeit;AV Pyro top;AV Control TC;AV Piston TC Top;AV Piston TC Bot;AV Transformer T;SV Temperature  ;AV CZ Output;AV abs. pressure;Vacuum;AV rel. pressure;SV Rel. Pressure;SV Force        ;AV Force;AV Abs. Piston T;AV Rel. Piston T;AV Speed;Power;U RMS;I RMS
;;;;°C;°C;°C;°C;°C;°C    ;%;mbar(a;mbar(a;mbar(g;mbar(g;kN    ;kN;mm;mm;mm/min;kW;V;kA
1;01.11.2023;12:10:50;00:00:00;250,0;17,5;19,0;17,9;19,2;20,0;0,0;995,0;9,95E2;-1,8;20,00;3,0;3,0;38,07;0,03;-0,019;0,0;0,00;0,053
2;01.11.2023;12:10:51;00:00:01;250,0;17,5;19,0;17,9;19,2;20,0;0,0;995,0;9,95E2;-1,8;20,00;3,0;3,0;38,07;0,03;-0,016;0,0;0,00;0,054
3;01.11.2023;12:10:52;00:00:02;250,0;17,5;19,0;17,9;19,2;20,0;0,0;995,0;9,95E2;-1,8;20,00;3,0;3,0;38,07;0,03;-0,010;0,0;0,00;0,054
4;01.11.2023;12:10:53;00:00:03;250,0;17,5;19,0;17,9;19,2;20,0;0,0;995,0;9,95E2;-1,9;20,00;3,0;3,0;38,07;0,03;-0,007;0,0;0,00;0,054
5;01.11.2023;12:10:54;00:00:04;250,0;17,5;19,0;17,9;19,2;20,0;0,0;995,0;9,95E2;-1,8;20,00;3,0;3,0;38,07;0,03;-0,007;0,0;0,00;0,054
6;01.11.2023;12:10:55;00:00:05;250,0;17,5;19,0;17,9;19,2;20,0;0,0;995,0;9,95E2;-1,9;20,00;3,0;3,0;38,07;0,03;-0,006;0,0;0,00;0,054
7;01.11.2023;12:10:56;00:00:06;250,0;17,5;19,0;17,9;19,2;20,0;0,0;995,0;9,95E2;-1,8;20,00;3,0;3,0;38,07;0,03;-0,007;0,0;0,00;0,054
8;01.11.2023;12:10:57;00:00:07;250,0;17,5;19,0;17,9;19,2;20,0;0,0;995,0;9,95E2;-1,8;20,00;3,0;3,0;38,07;0,03;-0,007;0,0;0,01;0,054
9;01.11.2023;12:10:58;00:00:08;250,0;17,5;19,0;17,9;19,2;20,0;0,0;958,1;9,58E2;-36,7;20,00;3,0;3,0;38,07;0,03;-0,005;0,0;0,00;0,054
10;01.11.2023;12:10:59;00:00:09;250,0;17,5;19,0;17,9;19,2;20,0;0,0;909,0;9,09E2;-83,8;20,00;3,0;3,0;38,07;0,03;-0,003;0,0;0,01;0,054
11;01.11.2023;12:11:00;00:00:10;250,0;17,5;19,0;17,9;19,2;20,0;0,0;885,8;8,86E2;-106,1;20,00;3,0;3,0;38,07;0,03;-0,001;0,0;0,00;0,054
12;01.11.2023;12:11:01;00:00:11;250,0;17,5;19,0;17,9;19,2;20,0;0,0;843,7;8,44E2;-150,5;20,00;3,0;3,0;38,07;0,03;0,001;0,0;0,01;0,054
13;01.11.2023;12:11:02;00:00:12;250,0;17,5;19,0;17,9;19,2;20,0;0,0;823,9;8,24E2;-169,0;20,00;3,0;3,0;38,07;0,03;0,002;0,0;0,00;0,054
14;01.11.2023;12:11:03;00:00:13;250,0;17,5;19,0;17,9;19,3;20,0;0,0;785,4;7,85E2;-208,9;20,00;3,0;3,0;38,07;0,03;0,003;0,0;0,01;0,054
15;01.11.2023;12:11:04;00:00:14;250,0;17,3;18,9;17,7;19,1;20,0;0,0;752,9;7,53E2;-242,8;20,00;3,0;3,0;38,07;0,03;0,005;0,0;0,00;0,054
16;01.11.2023;12:11:05;00:00:15;250,0;17,3;18,9;17,7;19,1;20,0;0,0;736,9;7,37E2;-257,8;20,00;3,0;3,0;38,07;0,03;0,001;0,0;0,01;0,054
17;01.11.2023;12:11:06;00:00:16;250,0;17,3;18,9;17,7;19,1;20,0;0,0;707,5;7,08E2;-288,6;20,00;3,0;3,1;38,07;0,03;0,002;0,0;0,00;0,054
18;01.11.2023;12:11:07;00:00:17;250,0;17,3;18,9;17,7;19,1;20,0;0,0;679,0;6,79E2;-315,7;20,00;3,0;3,0;38,07;0,03;0,002;0,0;0,01;0,054
19;01.11.2023;12:11:08;00:00:18;250,0;17,3;18,9;17,7;19,1;20,0;0,0;665,1;6,65E2;-330,6;20,00;3,0;3,0;38,07;0,03;0,005;0,0;0,01;0,054
20;01.11.2023;12:11:09;00:00:19;250,0;17,3;18,9;17,7;19,1;20,0;0,0;636,6;6,37E2;-358,1;20,00;3,0;3,0;38,07;0,03;0,007;0,0;0,01;0,054
21;01.11.2023;12:11:10;00:00:20;250,0;17,3;18,9;17,6;19,1;20,0;0,0;610,9;6,11E2;-384,2;20,00;3,0;3,0;38,07;0,03;0,010;0,0;0,01;0,054
22;01.11.2023;12:11:11;00:00:21;250,0;17,3;18,9;17,6;19,1;20,0;0,0;598,9;5,99E2;-395,8;20,00;3,0;3,0;38,07;0,03;0,012;0,0;0,00;0,054
23;01.11.2023;12:11:12;00:00:22;250,0;17,3;18,9;17,6;19,1;20,0;0,0;574,9;5,75E2;-420,1;20,00;3,0;3,0;38,07;0,03;0,009;0,0;0,01;0,053
24;01.11.2023;12:11:13;00:00:23;250,0;17,3;18,9;17,6;19,2;20,0;0,0;552,9;5,53E2;-441,5;20,00;3,0;3,0;38,07;0,03;0,016;0,0;0,01;0,053
25;01.11.2023;12:11:14;00:00:24;250,0;17,3;18,9;17,6;19,2;20,0;0,0;541,8;5,42E2;-453,8;20,00;3,0;3,0;38,07;0,03;0,017;0,0;0,01;0,054
26;01.11.2023;12:11:15;00:00:25;250,0;17,3;18,9;17,6;19,2;20,0;0,0;518,9;5,19E2;-475,4;20,00;3,0;3,0;38,07;0,03;0,016;0,0;0,01;0,054
27;01.11.2023;12:11:16;00:00:26;250,0;17,3;18,9;17,6;19,2;20,0;0,0;508,4;5,08E2;-486,6;20,00;3,0;3,0;38,07;0,03;0,016;0,0;0,01;0,054
28;01.11.2023;12:11:17;00:00:27;250,0;17,3;18,9;17,5;19,2;20,0;0,0;488,7;4,89E2;-505,3;20,00;3,0;3,0;38,07;0,03;0,021;0,0;0,00;0,054
29;01.11.2023;12:11:18;00:00:28;250,0;17,3;18,9;17,5;19,2;20,0;0,0;470,4;4,70E2;-524,7;20,00;3,0;3,0;38,07;0,04;0,031;0,0;0,00;0,054
30;01.11.2023;12:11:19;00:00:29;250,0;17,3;18,9;17,5;19,2;20,0;0,0;461,0;4,61E2;-533,5;20,00;3,0;3,0;38,07;0,04;0,032;0,0;0,00;0,054
31;01.11.2023;12:11:20;00:00:30;250,0;17,2;18,9;17,5;19,2;20,0;0,0;443,2;4,43E2;-541,2;20,00;3,0;3,0;38,07;0,04;0,040;0,0;0,01;0,054
32;01.11.2023;12:11:21;00:00:31;250,0;17,2;18,9;17,5;19,2;20,0;0,0;424,0;4,24E2;-541,2;20,00;3,0;3,0;38,07;0,04;0,039;0,0;0,01;0,054
33;01.11.2023;12:11:22;00:00:32;250,0;17,2;18,9;17,5;19,2;20,0;0,0;416,4;4,16E2;-541,2;20,00;3,0;3,0;38,07;0,04;0,041;0,0;0,00;0,054
34;01.11.2023;12:11:23;00:00:33;250,0;17,2;18,9;17,4;19,2;20,0;0,0;400,4;4,00E2;-541,2;20,00;3,0;3,0;38,07;0,04;0,040;0,0;0,00;0,054
35;01.11.2023;12:11:24;00:00:34;250,0;17,0;18,6;17,2;19,0;20,0;0,0;384,9;3,85E2;-541,2;20,00;3,0;3,0;38,08;0,04;0,033;0,0;0,00;0,054
36;01.11.2023;12:11:25;00:00:35;250,0;17,0;18,6;17,2;19,0;20,0;0,0;377,1;3,77E2;-541,2;20,00;3,0;3,0;38,08;0,04;0,037;0,0;0,01;0,054
37;01.11.2023;12:11:26;00:00:36;250,0;17,0;18,6;17,2;19,0;20,0;0,0;362,7;3,63E2;-541,2;20,00;3,0;3,0;38,08;0,04;0,036;0,0;0,00;0,054
38;01.11.2023;12:11:27;00:00:37;250,0;17,0;18,6;17,2;19,0;20,0;0,0;347,5;3,47E2;-541,2;20,00;3,0;3,0;38,08;0,04;0,037;0,0;0,00;0,053
39;01.11.2023;12:11:28;00:00:38;250,0;17,0;18,6;17,2;19,0;20,0;0,0;340,8;3,41E2;-541,2;20,00;3,0;3,0;38,08;0,04;0,036;0,0;0,00;0,054
40;01.11.2023;12:11:29;00:00:39;250,0;17,0;18,6;17,2;19,0;20,0;0,0;327,5;3,28E2;-541,2;20,00;3,0;3,1;38,08;0,04;0,038;0,0;0,00;0,054
41;01.11.2023;12:11:30;00:00:40;250,0;17,0;18,6;17,2;19,0;20,0;0,0;320,2;3,20E2;-541,2;20,00;3,0;3,1;38,08;0,04;0,038;0,0;0,01;0,054
42;01.11.2023;12:11:31;00:00:41;250,0;17,0;18,6;17,2;19,0;20,0;0,0;308,9;3,09E2;-541,2;20,00;3,0;3,0;38,08;0,04;0,032;0,0;0,00;0,054
43;01.11.2023;12:11:32;00:00:42;250,0;17,0;18,6;17,2;19,0;20,0;0,0;297,1;2,97E2;-541,2;20,00;3,0;3,0;38,08;0,04;0,030;0,0;0,01;0,052
44;01.11.2023;12:11:33;00:00:43;250,0;17,0;18,6;17,1;19,1;20,0;0,0;290,2;2,90E2;-541,2;20,00;3,0;3,0;38,08;0,04;0,029;0,0;0,01;0,053
45;01.11.2023;12:11:34;00:00:44;250,0;17,0;18,6;17,1;19,1;20,0;0,0;278,9;2,79E2;-541,2;20,00;3,0;3,0;38,08;0,05;0,026;0,0;0,01;0,054
46;01.11.2023;12:11:35;00:00:45;250,0;17,0;18,6;17,2;19,1;20,0;0,0;268,4;2,68E2;-541,2;20,00;3,0;3,0;38,08;0,05;0,023;0,0;0,00;0,054
47;01.11.2023;12:11:36;00:00:46;250,0;17,0;18,6;17,2;19,1;20,0;0,0;263,2;2,63E2;-541,2;20,00;3,0;3,0;38,08;0,05;0,020;0,0;0,01;0,054
48;01.11.2023;12:11:37;00:00:47;250,0;17,0;18,6;17,2;19,1;20,0;0,0;253,0;2,53E2;-541,2;20,00;3,0;3,0;38,08;0,05;0,023;0,0;0,00;0,053
49;01.11.2023;12:11:38;00:00:48;250,0;17,0;18,6;17,2;19,1;20,0;0,0;243,1;2,43E2;-541,2;20,00;3,0;3,0;38,08;0,05;0,024;0,0;0,00;0,054
50;01.11.2023;12:11:39;00:00:49;250,0;17,0;18,6;17,2;19,1;20,0;0,0;238,0;2,38E2;-541,2;20,00;3,0;3,0;38,08;0,05;0,029;0,0;0,00;0,053
51;01.11.2023;12:11:40;00:00:50;250,0;17,0;18,6;17,2;19,1;20,0;0,0;228,8;2,29E2;-541,2;20,00;3,0;3,0;38,08;0,05;0,026;0,0;0,00;0,054
52;01.11.2023;12:11:41;00:00:51;250,0;17,0;18,6;17,2;19,1;20,0;0,0;224,4;2,24E2;-541,2;20,00;3,0;3,0;38,08;0,05;0,028;0,0;0,01;0,053
53;01.11.2023;12:11:42;00:00:52;250,0;17,0;18,6;17,2;19,1;20,0;0,0;215,6;2,16E2;-541,2;20,00;3,0;3,0;38,08;0,05;0,031;0,0;0,00;0,054
54;01.11.2023;12:11:43;00:00:53;250,0;17,0;18,6;17,2;19,1;20,0;0,0;207,3;2,07E2;-541,2;20,00;3,0;3,1;38,08;0,05;0,026;0,0;0,00;0,054
55;01.11.2023;12:11:44;00:00:54;250,0;17,0;18,5;17,0;19,1;20,0;0,0;203,3;2,03E2;-541,2;20,00;3,0;3,0;38,08;0,05;0,026;0,0;0,00;0,054
56;01.11.2023;12:11:45;00:00:55;250,0;16,8;18,5;17,0;19,0;20,0;0,0;195,1;1,95E2;-541,2;20,00;3,0;3,0;38,09;0,05;0,023;0,0;0,01;0,054
57;01.11.2023;12:11:46;00:00:56;250,0;16,8;18,5;17,0;19,0;20,0;0,0;187,6;1,88E2;-541,2;20,00;3,0;3,0;38,08;0,05;0,022;0,0;0,01;0,054
58;01.11.2023;12:11:47;00:00:57;250,0;16,8;18,5;17,0;19,0;20,0;0,0;183,9;1,84E2;-541,2;20,00;3,0;3,0;38,09;0,05;0,021;0,0;0,01;0,054
59;01.11.2023;12:11:48;00:00:58;250,0;16,8;18,5;17,0;19,0;20,0;0,0;177,0;1,77E2;-541,2;20,00;3,0;3,0;38,09;0,05;0,019;0,0;0,00;0,054
60;01.11.2023;12:11:49;00:00:59;250,0;16,8;18,5;17,0;19,0;20,0;0,0;170,3;1,70E2;-541,2;20,00;3,0;3,0;38,09;0,05;0,019;0,0;0,01;0,054
61;01.11.2023;12:11:50;00:01:00;250,0;16,8;18,5;17,0;19,0;20,0;0,0;162,7;1,63E2;-541,2;20,00;3,0;3,0;38,09;0,05;0,017;0,0;0,01;0,054
62;01.11.2023;12:11:51;00:01:01;250,0;16,8;18,5;17,1;19,0;20,0;0,0;148,6;1,49E2;-541,2;20,00;3,0;3,0;38,09;0,05;0,017;0,0;0,00;0,052
63;01.11.2023;12:11:52;00:01:02;250,0;16,8;18,5;17,1;19,0;20,0;0,0;137,0;1,37E2;-541,2;20,00;3,0;3,0;38,09;0,05;0,014;0,0;0,00;0,054
64;01.11.2023;12:11:53;00:01:03;250,0;16,9;18,5;17,1;19,0;20,0;0,0;131,6;1,32E2;-541,2;20,00;3,0;3,0;38,09;0,05;0,013;0,0;0,01;0,054
65;01.11.2023;12:11:54;00:01:04;250,0;16,9;18,5;17,1;19,0;20,0;0,0;122,0;1,22E2;-541,2;20,00;3,0;3,0;38,09;0,05;0,021;0,0;0,00;0,053
66;01.11.2023;12:11:55;00:01:05;250,0;16,9;18,5;17,1;19,0;20,0;0,0;117,3;1,17E2;-541,2;20,00;3,0;3,0;38,09;0,05;0,023;0,0;0,00;0,054
67;01.11.2023;12:11:56;00:01:06;250,0;16,9;18,5;17,1;19,0;20,0;0,0;108,9;1,09E2;-541,2;20,00;3,0;3,0;38,09;0,05;0,022;0,0;0,01;0,054
68;01.11.2023;12:11:57;00:01:07;250,0;16,9;18,5;17,1;19,0;20,0;0,0;100,2;1,00E2;-541,2;20,00;3,0;3,0;38,09;0,05;0,020;0,0;0,01;0,054
69;01.11.2023;12:11:58;00:01:08;250,0;16,9;18,5;17,1;19,0;20,0;0,0;96,6;9,66E1;-541,2;20,00;3,0;3,0;38,09;0,05;0,022;0,0;0,00;0,054
70;01.11.2023;12:11:59;00:01:09;250,0;16,9;18,5;17,1;19,0;20,0;0,0;89,6;8,96E1;-541,2;20,00;3,0;3,0;38,09;0,05;0,023;0,0;0,00;0,054
71;01.11.2023;12:12:00;00:01:10;250,0;16,9;18,5;17,1;19,0;20,0;0,0;83,3;8,33E1;-541,2;20,00;3,0;3,0;38,09;0,06;0,020;0,0;0,01;0,054
72;01.11.2023;12:12:01;00:01:11;250,0;16,9;18,5;17,1;19,1;20,0;0,0;80,1;8,01E1;-541,2;20,00;3,0;3,0;38,09;0,05;0,021;0,0;0,01;0,051
73;01.11.2023;12:12:02;00:01:12;250,0;16,9;18,5;17,1;19,1;20,0;0,0;74,5;7,45E1;-541,2;20,00;3,0;3,1;38,09;0,06;0,028;0,0;0,01;0,054
74;01.11.2023;12:12:03;00:01:13;250,0;16,9;18,5;17,1;19,1;20,0;0,0;68,5;6,85E1;-541,2;20,00;3,0;3,0;38,09;0,06;0,023;0,0;0,00;0,053
75;01.11.2023;12:12:04;00:01:14;250,0;16,8;18,4;17,1;19,0;20,0;0,0;66,0;6,60E1;-541,2;20,00;3,0;3,0;38,09;0,06;0,018;0,0;0,01;0,054
76;01.11.2023;12:12:05;00:01:15;250,0;16,8;18,4;17,1;19,0;20,0;0,0;61,0;6,10E1;-541,2;20,00;3,0;3,0;38,09;0,06;0,021;0,0;0,01;0,054
77;01.11.2023;12:12:06;00:01:16;250,0;16,8;18,4;17,1;19,0;20,0;0,0;56,2;5,62E1;-541,2;20,00;3,0;3,0;38,09;0,06;0,019;0,0;0,01;0,054
78;01.11.2023;12:12:07;00:01:17;250,0;16,8;18,4;17,1;19,0;20,0;0,0;54,2;5,42E1;-541,2;20,00;3,0;3,0;38,09;0,06;0,019;0,0;0,01;0,054
79;01.11.2023;12:12:08;00:01:18;250,0;16,8;18,4;17,1;19,0;20,0;0,0;50,3;5,03E1;-541,2;20,00;3,0;3,0;38,09;0,06;0,017;0,0;0,00;0,054
80;01.11.2023;12:12:09;00:01:19;250,0;16,8;18,4;17,1;19,0;20,0;0,0;48,3;4,83E1;-541,2;20,00;3,0;3,0;38,09;0,06;0,017;0,0;0,00;0,053
81;01.11.2023;12:12:10;00:01:20;250,0;16,8;18,4;17,1;19,0;20,0;0,0;44,7;4,47E1;-541,2;20,00;3,0;3,1;38,09;0,06;0,019;0,0;0,01;0,054
82;01.11.2023;12:12:11;00:01:21;250,0;16,8;18,4;17,1;19,0;20,0;0,0;41,5;4,15E1;-541,2;20,00;3,0;3,0;38,09;0,06;0,016;0,0;0,00;0,054
83;01.11.2023;12:12:12;00:01:22;250,0;16,8;18,4;17,1;19,0;20,0;0,0;39,8;3,98E1;-541,2;20,00;3,0;3,1;38,09;0,06;0,015;0,0;0,00;0,054
84;01.11.2023;12:12:13;00:01:23;250,0;16,9;18,4;17,1;19,0;20,0;0,0;36,9;3,69E1;-541,2;20,00;3,0;3,0;38,09;0,06;0,012;0,0;0,01;0,053
85;01.11.2023;12:12:14;00:01:24;250,0;16,9;18,4;17,1;19,0;20,0;0,0;34,4;3,44E1;-541,2;20,00;3,0;3,0;38,09;0,06;0,012;0,0;0,00;0,054
86;01.11.2023;12:12:15;00:01:25;250,0;16,9;18,4;17,1;19,0;20,0;0,0;33,0;3,30E1;-541,2;20,00;3,0;3,1;38,09;0,06;0,015;0,0;0,00;0,054
87;01.11.2023;12:12:16;00:01:26;250,0;16,9;18,4;17,1;19,1;20,0;0,0;30,3;3,03E1;-541,2;20,00;3,0;3,0;38,09;0,06;0,010;0,0;0,00;0,051
88;01.11.2023;12:12:17;00:01:27;250,0;16,9;18,4;17,2;19,1;20,0;0,0;28,0;2,80E1;-541,2;20,00;3,0;3,0;38,09;0,06;0,009;0,0;0,00;0,054
89;01.11.2023;12:12:18;00:01:28;250,0;16,9;18,4;17,2;19,1;20,0;0,0;27,2;2,72E1;-541,2;20,00;3,0;3,0;38,09;0,06;0,009;0,0;0,00;0,054
90;01.11.2023;12:12:19;00:01:29;250,0;16,9;18,4;17,2;19,1;20,0;0,0;25,1;2,51E1;-541,2;20,00;3,0;3,0;38,09;0,06;0,007;0,0;0,01;0,054
91;01.11.2023;12:12:20;00:01:30;250,0;16,9;18,4;17,2;19,1;20,0;0,0;24,3;2,43E1;-541,2;20,00;3,0;3,0;38,09;0,06;0,006;0,0;0,01;0,051
92;01.11.2023;12:12:21;00:01:31;250,0;16,9;18,4;17,2;19,1;20,0;0,0;22,3;2,23E1;-541,2;20,00;3,0;2,9;38,09;0,06;0,006;0,0;0,00;0,054
93;01.11.2023;12:12:22;00:01:32;250,0;16,9;18,4;17,2;19,1;20,0;0,0;20,6;2,06E1;-541,2;20,00;3,0;3,0;38,09;0,06;0,007;0,0;0,00;0,054
94;01.11.2023;12:12:23;00:01:33;250,0;16,9;18,4;17,2;19,1;20,0;0,0;19,9;1,99E1;-541,2;20,00;3,0;3,0;38,09;0,06;0,006;0,0;0,00;0,054
95;01.11.2023;12:12:24;00:01:34;250,0;16,8;18,3;17,1;19,0;20,0;0,0;18,3;1,83E1;-541,2;20,00;3,0;3,0;38,09;0,06;0,003;0,0;0,01;0,054
96;01.11.2023;12:12:25;00:01:35;250,0;16,8;18,3;17,1;19,0;20,0;0,0;17,3;1,73E1;-541,2;20,00;3,0;2,9;38,09;0,06;0,003;0,0;0,01;0,054
97;01.11.2023;12:12:26;00:01:36;250,0;16,8;18,3;17,1;19,0;20,0;0,0;16,4;1,64E1;-541,2;20,00;3,0;3,0;38,10;0,06;0,004;0,0;0,01;0,054
98;01.11.2023;12:12:27;00:01:37;250,0;16,8;18,3;17,1;19,0;20,0;0,0;15,0;1,50E1;-541,2;20,00;3,0;3,0;38,10;0,06;0,008;0,0;0,00;0,054
99;01.11.2023;12:12:28;00:01:38;250,0;16,8;18,3;17,1;19,0;20,0;0,0;14,0;1,40E1;-541,2;20,00;3,0;2,9;38,09;0,06;0,006;0,0;0,01;0,054
100;01.11.2023;12:12:29;00:01:39;250,0;16,8;18,3;17,1;19,0;20,0;0,0;13,6;1,36E1;-541,2;20,00;3,0;2,9;38,10;0,06;0,003;0,0;0,01;0,054
101;01.11.2023;12:12:30;00:01:40;250,0;16,8;18,3;17,1;19,0;20,0;0,0;12,9;1,29E1;-541,2;20,00;3,0;3,0;38,09;0,06;0,003;0,0;0,00;0,053
102;01.11.2023;12:12:31;00:01:41;250,0;16,8;18,3;17,1;19,0;20,0;0,0;11,7;1,17E1;-541,2;20,00;3,0;3,0;38,10;0,06;0,004;0,0;0,01;0,054
103;01.11.2023;12:12:32;00:01:42;250,0;16,8;18,3;17,1;19,0;20,0;0,0;11,6;1,16E1;-541,2;20,00;3,0;3,0;38,09;0,06;0,007;0,0;0,01;0,054
104;01.11.2023;12:12:33;00:01:43;250,0;16,8;18,3;17,2;19,0;20,0;0,0;10,5;1,05E1;-541,2;20,00;3,0;3,0;38,10;0,06;0,006;0,0;0,00;0,054
105;01.11.2023;12:12:34;00:01:44;250,0;16,8;18,3;17,2;19,0;20,0;0,0;10,2;1,02E1;-541,2;20,00;3,0;3,0;38,09;0,06;0,002;0,0;0,00;0,054
106;01.11.2023;12:12:35;00:01:45;250,0;16,8;18,3;17,2;19,0;20,0;0,0;9,0;9,04E0;-541,2;20,00;3,0;3,0;38,10;0,06;0,001;0,0;0,00;0,054
107;01.11.2023;12:12:36;00:01:46;250,0;16,8;18,3;17,2;19,0;20,0;0,0;8,1;8,08E0;-541,2;20,00;3,0;3,0;38,10;0,06;0,005;0,0;0,00;0,053
108;01.11.2023;12:12:37;00:01:47;250,0;16,9;18,3;17,2;19,0;20,0;0,0;7,6;7,62E0;-541,2;20,00;3,0;3,0;38,10;0,06;0,004;0,0;0,01;0,054
109;01.11.2023;12:12:38;00:01:48;250,0;16,9;18,3;17,2;19,0;20,0;0,0;7,0;7,04E0;-541,2;20,00;3,0;3,0;38,09;0,06;0,004;0,0;0,01;0,054
110;01.11.2023;12:12:39;00:01:49;250,0;16,9;18,3;17,2;19,1;20,0;0,0;6,3;6,32E0;-541,2;20,00;3,0;3,0;38,10;0,06;0,005;0,0;0,01;0,054
111;01.11.2023;12:12:40;00:01:50;250,0;16,9;18,3;17,2;19,1;20,0;0,0;6,0;5,99E0;-541,2;20,00;3,0;3,1;38,09;0,06;0,004;0,0;0,00;0,054
112;01.11.2023;12:12:41;00:01:51;250,0;16,9;18,3;17,2;19,1;20,0;0,0;5,7;5,65E0;-541,2;20,00;3,0;3,0;38,10;0,06;0,003;0,0;0,01;0,054
113;01.11.2023;12:12:42;00:01:52;250,0;16,9;18,3;17,2;19,1;20,0;0,0;5,1;5,11E0;-541,2;20,00;3,0;3,0;38,10;0,06;0,001;0,0;0,01;0,054
114;01.11.2023;12:12:43;00:01:53;250,0;16,9;18,3;17,2;19,1;20,0;0,0;4,9;4,87E0;-541,2;20,00;3,0;3,0;38,10;0,06;0,004;0,0;0,00;0,054
115;01.11.2023;12:12:44;00:01:54;250,0;16,8;18,3;17,2;19,0;20,0;0,0;4,5;4,50E0;-541,2;20,00;3,0;2,9;38,10;0,06;0,001;0,0;0,01;0,054
116;01.11.2023;12:12:45;00:01:55;250,0;16,8;18,2;17,2;19,0;20,0;0,0;4,1;4,07E0;-541,2;20,00;3,0;3,0;38,10;0,06;0,006;0,0;0,01;0,054
117;01.11.2023;12:12:46;00:01:56;250,0;16,8;18,2;17,2;19,0;20,0;0,0;4,0;3,96E0;-541,2;20,00;3,0;2,9;38,10;0,06;0,004;0,0;0,00;0,054
118;01.11.2023;12:12:47;00:01:57;250,0;16,9;18,2;17,2;19,0;20,0;0,0;3,6;3,61E0;-541,2;20,00;3,0;3,0;38,10;0,06;0,006;0,0;0,01;0,054
119;01.11.2023;12:12:48;00:01:58;250,0;16,9;18,2;17,2;19,0;20,0;0,0;3,4;3,44E0;-541,2;20,00;3,0;3,0;38,10;0,06;0,009;0,0;0,00;0,054
120;01.11.2023;12:12:49;00:01:59;250,0;16,9;18,2;17,2;19,0;20,0;0,0;3,1;3,14E0;-541,2;20,00;3,0;3,0;38,10;0,06;0,007;0,0;0,01;0,054
121;01.11.2023;12:12:50;00:02:00;250,0;16,9;18,2;17,2;19,0;20,0;0,0;3,0;2,97E0;-541,2;20,00;3,0;3,0;38,10;0,06;0,003;0,0;0,01;0,054
122;01.11.2023;12:12:51;00:02:01;250,0;16,9;18,2;17,2;19,0;20,0;0,0;2,9;2,91E0;-541,2;20,00;3,0;3,0;38,10;0,06;0,002;0,0;0,01;0,054
123;01.11.2023;12:12:52;00:02:02;250,0;16,9;18,2;17,2;19,1;20,0;0,0;2,7;2,69E0;-541,2;20,00;3,0;3,0;38,10;0,06;0,000;0,0;0,00;0,054
124;01.11.2023;12:12:53;00:02:03;250,0;16,9;18,3;17,2;19,1;20,0;0,0;2,5;2,51E0;-541,2;20,00;3,0;3,0;38,10;0,06;-0,002;0,0;0,00;0,054
125;01.11.2023;12:12:54;00:02:04;250,0;16,9;18,3;17,2;19,1;20,0;0,0;2,4;2,45E0;-541,2;20,00;3,0;3,0;38,10;0,06;-0,001;0,0;0,00;0,054
126;01.11.2023;12:12:55;00:02:05;250,0;16,9;18,3;17,2;19,1;20,0;0,0;2,2;2,24E0;-541,2;20,00;3,0;3,0;38,10;0,06;0,000;0,0;0,00;0,054
127;01.11.2023;12:12:56;00:02:06;250,0;16,9;18,3;17,2;19,1;20,0;0,0;2,1;2,11E0;-541,2;20,00;3,0;3,0;38,10;0,06;0,000;0,0;0,00;0,054
128;01.11.2023;12:12:57;00:02:07;250,0;16,9;18,3;17,2;19,1;20,0;0,0;2,1;2,09E0;-541,2;20,00;3,0;3,0;38,10;0,06;0,000;0,0;0,00;0,054
129;01.11.2023;12:12:58;00:02:08;250,0;16,9;18,3;17,3;19,1;20,0;0,0;1,9;1,91E0;-541,2;20,00;3,0;3,1;38,10;0,06;0,001;0,0;0,01;0,054
130;01.11.2023;12:12:59;00:02:09;250,0;16,9;18,3;17,3;19,1;20,0;0,0;1,9;1,86E0;-541,2;20,00;3,0;3,0;38,10;0,06;0,002;0,0;0,00;0,054
131;01.11.2023;12:13:00;00:02:10;250,0;16,9;18,3;17,3;19,1;20,0;0,0;1,8;1,77E0;-541,2;20,00;3,0;3,0;38,10;0,06;0,000;0,0;0,00;0,054
132;01.11.2023;12:13:01;00:02:11;250,0;17,0;18,3;17,3;19,1;20,0;0,0;1,7;1,69E0;-541,2;20,00;3,0;3,1;38,10;0,06;0,006;0,0;0,00;0,054
133;01.11.2023;12:13:02;00:02:12;250,0;17,0;18,3;17,3;19,1;20,0;0,0;1,6;1,63E0;-541,2;20,00;3,0;3,0;38,10;0,06;0,002;0,0;0,00;0,054
134;01.11.2023;12:13:03;00:02:13;250,0;17,0;18,3;17,3;19,1;20,0;0,0;1,6;1,57E0;-541,2;20,00;3,0;3,0;38,10;0,06;0,003;0,0;0,00;0,054
135;01.11.2023;12:13:04;00:02:14;250,0;16,9;18,2;17,2;19,0;20,0;0,0;1,5;1,49E0;-541,2;20,00;3,0;3,0;38,10;0,06;-0,004;0,0;0,00;0,054
136;01.11.2023;12:13:05;00:02:15;250,0;16,9;18,2;17,2;19,0;20,0;0,0;1,5;1,46E0;-541,2;20,00;3,0;3,0;38,10;0,06;-0,001;0,0;0,00;0,054
137;01.11.2023;12:13:06;00:02:16;250,0;16,9;18,2;17,2;19,0;20,0;0,0;1,4;1,35E0;-541,2;20,00;3,0;3,0;38,10;0,06;0,007;0,0;0,00;0,054
138;01.11.2023;12:13:07;00:02:17;250,0;16,9;18,2;17,2;19,0;20,0;0,0;1,3;1,29E0;-541,2;20,00;3,0;3,0;38,10;0,06;0,004;0,0;0,01;0,054
139;01.11.2023;12:13:08;00:02:18;250,0;16,9;18,2;17,2;19,0;20,0;0,0;1,3;1,27E0;-541,2;20,00;3,0;3,0;38,10;0,06;0,006;0,0;0,01;0,054
140;01.11.2023;12:13:09;00:02:19;250,0;16,9;18,2;17,2;19,0;20,0;0,0;1,2;1,22E0;-541,2;20,00;3,0;2,9;38,10;0,06;0,004;0,0;0,01;0,054
141;01.11.2023;12:13:10;00:02:20;250,0;16,9;18,2;17,2;19,0;20,0;0,0;1,2;1,16E0;-541,2;20,00;3,0;3,0;38,10;0,06;0,006;0,0;0,01;0,054
142;01.11.2023;12:13:11;00:02:21;250,0;16,9;18,2;17,2;19,0;20,0;0,0;1,2;1,15E0;-541,2;20,00;3,0;3,0;38,10;0,06;0,003;0,0;0,00;0,054
143;01.11.2023;12:13:12;00:02:22;250,0;16,9;18,2;17,2;19,0;20,0;0,0;1,1;1,11E0;-541,2;20,00;3,0;2,9;38,10;0,06;-0,001;0,0;0,01;0,054
144;01.11.2023;12:13:13;00:02:23;250,0;16,9;18,2;17,2;19,0;20,0;0,0;1,1;1,07E0;-541,2;20,00;3,0;3,0;38,10;0,06;0,003;0,0;0,00;0,054
145;01.11.2023;12:13:14;00:02:24;250,0;16,9;18,2;17,2;19,0;20,0;0,0;1,0;9,77E-1;-541,2;20,00;3,0;3,0;38,10;0,06;0,006;0,0;0,01;0,054
146;01.11.2023;12:13:15;00:02:25;250,0;16,9;18,2;17,2;19,0;20,0;0,0;0,9;9,42E-1;-541,2;20,00;3,0;3,0;38,10;0,06;0,003;0,0;0,01;0,054
147;01.11.2023;12:13:16;00:02:26;250,0;16,9;18,2;17,2;19,0;20,0;0,0;0,9;9,25E-1;-541,2;20,00;3,0;3,0;38,10;0,06;0,003;0,0;0,00;0,054
148;01.11.2023;12:13:17;00:02:27;250,0;16,9;18,2;17,2;19,0;20,0;0,0;0,9;8,89E-1;-541,2;20,00;3,0;3,0;38,10;0,06;0,006;0,0;0,01;0,054
149;01.11.2023;12:13:18;00:02:28;250,0;17,0;18,2;17,2;19,0;20,0;0,0;0,9;8,56E-1;-541,2;20,00;3,0;3,1;38,10;0,06;0,004;0,0;0,01;0,054
150;01.11.2023;12:13:19;00:02:29;250,0;17,0;18,2;17,2;19,0;20,0;0,0;0,8;8,40E-1;-541,2;20,00;3,0;3,0;38,10;0,06;0,002;0,0;0,01;0,054
151;01.11.2023;12:13:20;00:02:30;250,0;17,0;18,2;17,2;19,0;20,0;0,0;0,8;8,09E-1;-541,2;20,00;3,0;3,0;38,10;0,06;0,001;0,0;0,01;0,054
152;01.11.2023;12:13:21;00:02:31;250,0;17,0;18,2;17,3;19,0;20,0;0,0;0,8;7,78E-1;-541,2;20,00;3,0;2,9;38,10;0,06;0,000;0,0;0,00;0,054
153;01.11.2023;12:13:22;00:02:32;250,0;17,0;18,2;17,3;19,0;20,0;0,0;0,8;7,66E-1;-541,2;20,00;3,0;3,0;38,10;0,06;0,001;0,0;0,00;0,054
154;01.11.2023;12:13:23;00:02:33;250,0;17,0;18,2;17,3;19,1;20,0;0,0;0,7;7,40E-1;-541,2;20,00;3,0;3,0;38,10;0,06;0,004;0,0;0,00;0,054
155;01.11.2023;12:13:24;00:02:34;250,0;17,0;18,2;17,3;19,1;20,0;0,0;0,7;7,17E-1;-541,2;20,00;3,0;3,0;38,10;0,06;0,001;0,0;0,00;0,054
156;01.11.2023;12:13:25;00:02:35;250,0;17,0;18,2;17,3;19,1;20,0;0,0;0,7;7,06E-1;-541,2;20,00;3,0;3,0;38,10;0,06;0,000;0,0;0,00;0,054
157;01.11.2023;12:13:26;00:02:36;250,0;17,0;18,2;17,3;19,1;20,0;0,0;0,7;6,82E-1;-541,2;20,00;3,0;3,0;38,10;0,06;0,001;0,0;0,01;0,054
158;01.11.2023;12:13:27;00:02:37;250,0;17,0;18,2;17,3;19,1;20,0;0,0;0,7;6,72E-1;-541,2;20,00;3,0;3,0;38,10;0,06;0,001;0,0;0,01;0,054
159;01.11.2023;12:13:28;00:02:38;250,0;17,0;18,2;17,3;19,1;20,0;0,0;0,6;6,50E-1;-541,2;20,00;3,0;3,0;38,10;0,06;0,000;0,0;0,01;0,054
160;01.11.2023;12:13:29;00:02:39;250,0;17,0;18,2;17,3;19,1;20,0;0,0;0,6;6,26E-1;-541,2;20,00;3,0;3,1;38,10;0,06;0,001;0,0;0,00;0,053
161;01.11.2023;12:13:30;00:02:40;250,0;17,0;18,2;17,3;19,1;20,0;0,0;0,6;6,16E-1;-541,2;20,00;3,0;3,0;38,10;0,06;-0,001;0,0;0,01;0,053
162;01.11.2023;12:13:31;00:02:41;250,0;17,0;18,2;17,3;19,1;20,0;0,0;0,6;5,95E-1;-541,2;20,00;3,0;3,0;38,10;0,06;-0,002;0,0;0,01;0,054
163;01.11.2023;12:13:32;00:02:42;250,0;17,0;18,2;17,3;19,1;20,0;0,0;0,6;5,73E-1;-541,2;20,00;3,0;3,0;38,10;0,06;-0,002;0,0;0,01;0,054
164;01.11.2023;12:13:33;00:02:43;250,0;17,1;18,2;17,3;19,2;20,0;0,0;0,6;5,64E-1;-541,2;20,00;3,0;3,0;38,10;0,06;-0,003;0,0;0,01;0,054
165;01.11.2023;12:13:34;00:02:44;250,0;17,1;18,2;17,3;19,2;20,0;0,0;0,5;5,44E-1;-541,2;20,00;3,0;3,0;38,10;0,06;0,002;0,0;0,00;0,054
166;01.11.2023;12:13:35;00:02:45;250,0;17,1;18,2;17,4;19,2;20,0;0,0;0,5;5,24E-1;-541,2;20,00;3,0;3,0;38,10;0,06;0,000;0,0;0,00;0,054
167;01.11.2023;12:13:36;00:02:46;250,0;17,1;18,2;17,4;19,2;20,0;0,0;0,5;5,18E-1;-541,2;20,00;3,0;2,9;38,10;0,06;-0,004;0,0;0,00;0,054
168;01.11.2023;12:13:37;00:02:47;250,0;17,1;18,2;17,4;19,2;20,0;0,0;0,5;5,03E-1;-541,2;20,00;3,0;3,0;38,10;0,06;-0,002;0,0;0,00;0,054
169;01.11.2023;12:13:38;00:02:48;250,0;17,1;18,2;17,4;19,2;20,0;0,0;0,5;4,96E-1;-541,2;20,00;3,0;3,0;38,10;0,06;-0,001;0,0;0,01;0,054
170;01.11.2023;12:13:39;00:02:49;250,0;17,1;18,2;17,4;19,2;20,0;0,0;0,5;4,82E-1;-541,2;20,00;3,0;3,0;38,10;0,06;0,001;0,0;0,01;0,054
171;01.11.2023;12:13:40;00:02:50;250,0;17,1;18,2;17,4;19,2;20,0;0,0;0,5;4,69E-1;-541,2;20,00;3,0;3,1;38,10;0,06;0,000;0,0;0,01;0,054
172;01.11.2023;12:13:41;00:02:51;250,0;17,1;18,2;17,4;19,2;20,0;0,0;0,5;4,62E-1;-541,2;20,00;3,0;3,0;38,10;0,06;0,001;0,0;0,00;0,054
173;01.11.2023;12:13:42;00:02:52;250,0;17,1;18,2;17,4;19,2;20,0;0,0;0,4;4,49E-1;-541,2;20,00;3,0;3,0;38,10;0,06;0,000;0,0;0,01;0,054
174;01.11.2023;12:13:43;00:02:53;250,0;17,1;18,2;17,4;19,2;20,0;0,0;0,4;4,37E-1;-541,2;20,00;3,0;3,0;38,10;0,06;-0,002;0,0;0,01;0,054
175;01.11.2023;12:13:44;00:02:54;250,0;17,1;18,2;17,2;19,2;20,0;0,0;0,4;4,31E-1;-541,2;20,00;3,0;2,9;38,10;0,06;0,000;0,0;0,01;0,054
176;01.11.2023;12:13:45;00:02:55;250,0;16,9;18,1;17,2;19,0;20,8;0,3;0,4;4,19E-1;-541,2;20,00;3,0;3,0;38,10;0,06;-0,002;0,0;0,00;0,053
177;01.11.2023;12:13:46;00:02:56;250,0;17,0;18,1;17,2;19,0;22,3;0,5;0,4;4,07E-1;-541,2;20,00;3,0;3,0;38,10;0,06;-0,001;0,0;0,01;0,054
178;01.11.2023;12:13:47;00:02:57;250,0;17,0;18,1;17,2;19,0;23,1;0,5;0,4;4,01E-1;-541,2;20,00;3,0;2,9;38,10;0,06;-0,001;0,0;0,00;0,054
179;01.11.2023;12:13:48;00:02:58;250,0;17,0;18,1;17,2;19,1;24,6;0,7;0,4;3,90E-1;-541,2;20,00;3,0;2,9;38,10;0,06;-0,005;0,0;0,00;0,054
180;01.11.2023;12:13:49;00:02:59;250,0;17,0;18,1;17,2;19,1;26,0;0,8;0,4;3,80E-1;-541,2;20,00;3,0;2,9;38,10;0,06;-0,004;0,0;0,00;0,054
181;01.11.2023;12:13:50;00:03:00;250,0;17,0;18,1;17,2;19,1;26,8;0,9;0,4;3,75E-1;-541,2;20,00;3,0;2,9;38,10;0,06;-0,004;0,0;0,00;0,054
182;01.11.2023;12:13:51;00:03:01;250,0;17,0;18,1;17,2;19,1;28,2;1,0;0,4;3,65E-1;-541,2;20,00;3,0;2,9;38,10;0,06;0,001;0,0;0,00;0,054
183;01.11.2023;12:13:52;00:03:02;250,0;17,0;18,1;17,2;19,1;28,9;1,1;0,4;3,60E-1;-541,2;20,00;3,0;3,0;38,10;0,06;0,003;0,0;0,00;0,054
184;01.11.2023;12:13:53;00:03:03;250,0;17,0;18,1;17,2;19,1;30,5;1,2;0,4;3,52E-1;-541,2;20,00;3,0;3,0;38,10;0,06;0,003;0,0;0,00;0,054
185;01.11.2023;12:13:54;00:03:04;250,0;17,0;18,1;17,3;19,1;32,0;1,4;0,3;3,45E-1;-541,2;20,00;3,0;3,1;38,10;0,06;0,003;0,0;0,00;0,054
186;01.11.2023;12:13:55;00:03:05;250,0;17,0;18,1;17,3;19,1;32,7;1,4;0,3;3,41E-1;-541,2;20,00;3,0;3,1;38,10;0,06;0,003;0,0;0,01;0,054
187;01.11.2023;12:13:56;00:03:06;250,0;17,0;18,1;17,3;19,1;34,1;1,6;0,3;3,34E-1;-541,2;20,00;3,0;3,0;38,10;0,06;0,001;0,0;0,01;0,054
188;01.11.2023;12:13:57;00:03:07;250,0;17,0;18,1;17,3;19,1;35,6;1,7;0,3;3,27E-1;-541,2;20,00;3,0;2,9;38,10;0,06;-0,001;0,0;0,00;0,054
189;01.11.2023;12:13:58;00:03:08;250,0;17,0;18,1;17,3;19,1;36,3;1,8;0,3;3,24E-1;-541,2;20,00;3,0;3,0;38,10;0,06;-0,001;0,0;0,00;0,054
190;01.11.2023;12:13:59;00:03:09;250,0;17,0;18,1;17,3;19,1;37,9;2,0;0,3;3,17E-1;-541,2;20,00;3,0;3,0;38,10;0,06;0,001;0,0;0,01;0,054
191;01.11.2023;12:14:00;00:03:10;250,0;17,0;18,1;17,3;19,1;39,3;2,1;0,3;3,11E-1;-541,2;20,00;3,0;3,0;38,10;0,06;0,002;0,0;0,00;0,054
192;01.11.2023;12:14:01;00:03:11;250,0;17,0;18,1;17,3;19,1;40,1;2,2;0,3;3,08E-1;-541,2;20,00;3,0;3,1;38,10;0,06;0,002;0,0;0,01;0,054
193;01.11.2023;12:14:02;00:03:12;250,0;17,0;18,1;17,3;19,1;41,5;2,3;0,3;3,02E-1;-541,2;20,00;3,0;3,0;38,10;0,06;0,004;0,0;0,01;0,054
194;01.11.2023;12:14:03;00:03:13;250,0;17,0;18,1;17,3;19,1;43,0;2,5;0,3;2,96E-1;-541,2;20,00;3,0;3,0;38,10;0,06;-0,001;0,0;0,00;0,054
195;01.11.2023;12:14:04;00:03:14;250,0;17,1;18,2;17,4;19,1;43,7;2,6;0,3;2,93E-1;-541,2;20,00;3,0;3,0;38,10;0,06;-0,002;0,0;0,00;0,053
196;01.11.2023;12:14:05;00:03:15;250,0;17,1;18,2;17,4;19,2;45,3;2,7;0,3;2,88E-1;-541,2;20,00;3,0;3,0;38,10;0,06;-0,002;0,0;0,01;0,054
197;01.11.2023;12:14:06;00:03:16;250,0;17,1;18,2;17,4;19,2;46,0;2,8;0,3;2,86E-1;-541,2;20,00;3,0;3,0;38,10;0,06;0,001;0,0;0,01;0,054
198;01.11.2023;12:14:07;00:03:17;250,0;17,1;18,2;17,4;19,2;47,4;3,0;0,3;2,80E-1;-541,2;20,00;3,0;3,0;38,10;0,06;0,001;0,0;0,01;0,054
199;01.11.2023;12:14:08;00:03:18;250,0;17,1;18,2;17,4;19,2;48,9;3,1;0,3;2,75E-1;-541,2;20,00;3,0;2,9;38,10;0,06;-0,002;0,0;0,01;0,054
200;01.11.2023;12:14:09;00:03:19;250,0;17,1;18,2;17,4;19,2;49,6;3,2;0,3;2,73E-1;-541,2;20,00;3,0;2,9;38,10;0,06;-0,004;0,0;0,01;0,054
201;01.11.2023;12:14:10;00:03:20;250,0;17,1;18,2;17,4;19,2;51,1;3,3;0,3;2,68E-1;-541,2;20,00;3,0;3,0;38,10;0,06;0,001;0,0;0,00;0,054
202;01.11.2023;12:14:11;00:03:21;250,0;17,1;18,2;17,4;19,2;52,6;3,5;0,3;2,63E-1;-541,2;20,00;3,0;3,1;38,10;0,06;0,005;0,0;0,01;0,054
203;01.11.2023;12:14:12;00:03:22;250,0;17,1;18,2;17,4;19,2;53,3;3,6;0,3;2,61E-1;-541,2;20,00;3,0;3,1;38,10;0,06;0,006;0,0;0,00;0,054
204;01.11.2023;12:14:13;00:03:23;250,0;17,1;18,2;17,4;19,2;54,8;3,8;0,3;2,57E-1;-541,2;20,00;3,0;3,0;38,10;0,06;0,002;0,0;0,01;0,054
205;01.11.2023;12:14:14;00:03:24;250,0;17,2;18,2;17,4;19,2;56,2;3,9;0,3;2,53E-1;-541,2;20,00;3,0;3,0;38,10;0,06;-0,001;0,0;0,01;0,054
206;01.11.2023;12:14:15;00:03:25;250,0;17,2;18,2;17,4;19,2;57,0;4,0;0,3;2,51E-1;-541,2;20,00;3,0;3,0;38,10;0,06;-0,002;0,0;0,00;0,054
207;01.11.2023;12:14:16;00:03:26;250,0;17,2;18,2;17,4;19,2;58,4;4,2;0,2;2,47E-1;-541,2;20,00;3,0;3,0;38,10;0,06;0,002;0,0;0,00;0,054
208;01.11.2023;12:14:17;00:03:27;250,0;17,2;18,2;17,4;19,2;59,3;4,3;0,2;2,45E-1;-541,2;20,00;3,0;3,0;38,10;0,06;0,000;0,0;0,00;0,054
209;01.11.2023;12:14:18;00:03:28;250,0;17,2;18,2;17,4;19,2;60,7;4,4;0,2;2,41E-1;-541,2;20,00;3,0;3,0;38,10;0,06;-0,001;0,0;0,00;0,054
210;01.11.2023;12:14:19;00:03:29;250,0;17,2;18,2;17,4;19,2;62,2;4,6;0,2;2,38E-1;-541,2;20,00;3,0;3,0;38,10;0,06;0,002;0,0;0,00;0,054
211;01.11.2023;12:14:20;00:03:30;250,0;17,2;18,2;17,4;19,2;62,9;4,7;0,2;2,37E-1;-541,2;20,00;3,0;3,0;38,10;0,06;0,001;0,0;0,01;0,054
212;01.11.2023;12:14:21;00:03:31;250,0;17,2;18,2;17,4;19,2;64,3;4,8;0,2;2,34E-1;-541,2;20,00;3,0;2,9;38,10;0,06;-0,001;0,0;0,01;0,054
213;01.11.2023;12:14:22;00:03:32;250,0;17,2;18,2;17,4;19,2;65,8;5,0;0,2;2,31E-1;-541,2;20,00;3,0;3,1;38,10;0,06;0,003;0,0;0,00;0,054
214;01.11.2023;12:14:23;00:03:33;250,0;17,2;18,2;17,4;19,2;66,6;5,1;0,2;2,30E-1;-541,2;20,00;3,0;3,0;38,10;0,06;0,003;0,0;0,01;0,054
215;01.11.2023;12:14:24;00:03:34;250,0;17,1;18,2;17,4;19,2;68,1;5,3;0,2;2,27E-1;-541,2;20,00;3,0;3,0;38,10;0,06;0,002;0,0;0,00;0,054
216;01.11.2023;12:14:25;00:03:35;250,0;17,1;18,1;17,4;19,2;69,5;5,5;0,2;2,25E-1;-541,2;20,00;3,0;3,0;38,10;0,06;0,000;0,0;0,01;0,054
217;01.11.2023;12:14:26;00:03:36;250,0;17,1;18,1;17,4;19,2;70,3;5,6;0,2;2,23E-1;-541,2;20,00;3,0;2,9;38,10;0,06;-0,001;0,0;0,01;0,054
218;01.11.2023;12:14:27;00:03:37;250,0;17,1;18,1;17,4;19,2;71,7;5,7;0,2;2,21E-1;-541,2;20,00;3,0;3,0;38,10;0,06;0,001;0,0;0,01;0,054
219;01.11.2023;12:14:28;00:03:38;250,0;17,1;18,1;17,4;19,2;73,2;5,9;0,2;2,18E-1;-541,2;20,00;3,0;3,0;38,10;0,06;0,000;0,0;0,01;0,054
220;01.11.2023;12:14:29;00:03:39;250,0;17,2;18,1;17,4;19,2;74,0;6,0;0,2;2,17E-1;-541,2;20,00;3,0;3,0;38,10;0,06;0,001;0,0;0,00;0,054
221;01.11.2023;12:14:30;00:03:40;250,0;17,2;18,1;17,4;19,2;75,5;6,2;0,2;2,14E-1;-541,2;20,00;3,0;3,0;38,10;0,06;0,000;0,0;0,01;0,054
222;01.11.2023;12:14:31;00:03:41;250,0;17,2;18,1;17,4;19,2;76,2;6,3;0,2;2,13E-1;-541,2;20,00;3,0;3,0;38,10;0,06;0,001;0,0;0,00;0,054
223;01.11.2023;12:14:32;00:03:42;250,0;17,2;18,1;17,4;19,2;77,6;6,5;0,2;2,11E-1;-541,2;20,00;3,0;2,9;38,10;0,06;-0,001;0,0;0,01;0,054
224;01.11.2023;12:14:33;00:03:43;250,0;17,2;18,1;17,4;19,2;79,1;6,7;0,2;2,09E-1;-541,2;20,00;3,0;3,0;38,10;0,06;0,001;0,0;0,00;0,051
225;01.11.2023;12:14:34;00:03:44;250,0;17,2;18,1;17,4;19,2;79,8;6,7;0,2;2,08E-1;-541,2;20,00;3,0;3,0;38,10;0,06;0,000;0,0;0,00;0,054
226;01.11.2023;12:14:35;00:03:45;250,0;17,2;18,1;17,4;19,2;81,4;6,9;0,2;2,05E-1;-541,2;20,00;3,0;3,0;38,10;0,06;0,001;0,0;0,01;0,054
227;01.11.2023;12:14:36;00:03:46;250,0;17,2;18,1;17,4;19,2;82,8;7,1;0,2;2,03E-1;-541,2;20,00;3,0;3,0;38,10;0,06;0,002;0,0;0,01;0,054
228;01.11.2023;12:14:37;00:03:47;250,0;17,2;18,1;17,4;19,2;83,6;7,2;0,2;2,02E-1;-541,2;20,00;3,0;3,0;38,10;0,06;0,001;0,0;0,01;0,054
229;01.11.2023;12:14:38;00:03:48;250,0;17,2;18,1;17,4;19,2;85,0;7,4;0,2;2,01E-1;-541,2;20,00;3,0;3,1;38,10;0,06;0,001;0,0;0,01;0,054
230;01.11.2023;12:14:39;00:03:49;250,0;17,2;18,2;17,4;19,2;86,5;7,6;0,2;1,99E-1;-541,2;20,00;3,0;3,0;38,10;0,06;-0,001;0,0;0,01;0,054
231;01.11.2023;12:14:40;00:03:50;250,0;17,2;18,2;17,4;19,2;87,2;7,7;0,2;1,98E-1;-541,2;20,00;3,0;3,0;38,10;0,06;0,001;0,0;0,01;0,054
232;01.11.2023;12:14:41;00:03:51;250,0;17,2;18,2;17,4;19,2;88,8;7,9;0,2;1,96E-1;-541,2;20,00;3,0;3,0;38,10;0,06;0,001;0,0;0,01;0,054
233;01.11.2023;12:14:42;00:03:52;250,0;17,2;18,2;17,4;19,2;90,2;8,1;0,2;1,94E-1;-541,2;20,00;3,0;3,0;38,10;0,06;0,002;0,0;0,01;0,053
234;01.11.2023;12:14:43;00:03:53;250,0;17,2;18,2;17,4;19,2;90,9;8,2;0,2;1,93E-1;-541,2;20,00;3,0;3,0;38,10;0,06;0,003;0,0;0,00;0,053
235;01.11.2023;12:14:44;00:03:54;250,0;17,2;18,2;17,4;19,3;92,4;8,4;0,2;1,91E-1;-541,2;20,00;3,0;3,1;38,10;0,06;-0,001;0,0;0,00;0,054
236;01.11.2023;12:14:45;00:03:55;250,0;17,2;18,1;17,4;19,3;93,1;8,5;0,2;1,90E-1;-541,2;20,00;3,0;3,1;38,10;0,06;0,002;0,0;0,01;0,054
237;01.11.2023;12:14:46;00:03:56;250,0;17,2;18,1;17,4;19,3;94,6;8,7;0,2;1,88E-1;-541,2;20,00;3,0;2,9;38,10;0,06;-0,002;0,0;0,01;0,054
238;01.11.2023;12:14:47;00:03:57;250,0;17,2;18,1;17,4;19,3;96,1;8,9;0,2;1,86E-1;-541,2;20,00;3,0;3,0;38,10;0,06;0,000;0,0;0,00;0,054
239;01.11.2023;12:14:48;00:03:58;250,0;17,2;18,1;17,4;19,3;96,8;9,0;0,2;1,86E-1;-541,2;20,00;3,0;3,0;38,10;0,06;0,000;0,0;0,00;0,054
240;01.11.2023;12:14:49;00:03:59;250,0;17,2;18,1;17,4;19,3;98,3;9,2;0,2;1,84E-1;-541,2;20,00;3,0;2,9;38,10;0,06;0,000;0,0;0,00;0,054
241;01.11.2023;12:14:50;00:04:00;250,0;17,2;18,1;17,4;19,3;99,8;9,4;0,2;1,82E-1;-541,2;20,00;3,0;2,9;38,10;0,06;0,000;0,0;0,01;0,054
242;01.11.2023;12:14:51;00:04:01;250,0;17,2;18,1;17,4;19,3;100,5;9,5;0,2;1,82E-1;-541,2;20,00;3,0;2,9;38,10;0,06;-0,003;0,0;0,00;0,054
243;01.11.2023;12:14:52;00:04:02;250,0;17,2;18,1;17,4;19,3;101,9;9,7;0,2;1,80E-1;-541,2;20,00;3,0;2,9;38,10;0,06;0,000;0,0;0,01;0,054
244;01.11.2023;12:14:53;00:04:03;250,0;17,2;18,2;17,4;19,3;103,5;9,9;0,2;1,78E-1;-541,2;20,00;3,0;3,1;38,10;0,06;0,006;0,0;0,01;0,054
245;01.11.2023;12:14:54;00:04:04;250,0;17,2;18,2;17,4;19,3;104,2;10,0;0,2;1,78E-1;-541,2;20,00;3,0;3,0;38,10;0,06;0,004;0,0;0,00;0,054
246;01.11.2023;12:14:55;00:04:05;250,0;17,3;18,2;17,4;19,3;105,7;10,2;0,2;1,76E-1;-541,2;20,00;3,0;3,0;38,10;0,06;0,001;0,0;0,01;0,054
247;01.11.2023;12:14:56;00:04:06;250,0;17,3;18,2;17,4;19,3;106,4;10,3;0,2;1,76E-1;-541,2;20,00;3,0;3,0;38,10;0,06;0,001;0,0;0,01;0,054
248;01.11.2023;12:14:57;00:04:07;250,0;17,3;18,2;17,4;19,3;107,8;10,5;0,2;1,74E-1;-541,2;20,00;3,0;3,0;38,10;0,06;0,001;0,0;0,00;0,054
249;01.11.2023;12:14:58;00:04:08;250,0;17,3;18,2;17,4;19,3;109,3;10,8;0,2;1,73E-1;-541,2;20,00;3,0;2,9;38,10;0,06;-0,001;0,0;0,01;0,054
250;01.11.2023;12:14:59;00:04:09;250,0;17,3;18,2;17,4;19,3;110,0;10,9;0,2;1,72E-1;-541,2;20,00;3,0;2,9;38,10;0,06;-0,004;0,0;0,01;0,054
251;01.11.2023;12:15:00;00:04:10;250,0;17,3;18,2;17,4;19,3;111,6;11,1;0,2;1,71E-1;-541,2;20,00;3,0;3,0;38,10;0,06;-0,003;0,0;0,00;0,054
252;01.11.2023;12:15:01;00:04:11;250,0;17,3;18,2;17,4;19,3;113,0;11,3;0,2;1,69E-1;-541,2;20,00;3,0;3,0;38,10;0,06;0,001;0,0;0,01;0,054
253;01.11.2023;12:15:02;00:04:12;250,0;17,3;18,2;17,4;19,3;113,8;11,4;0,2;1,69E-1;-541,2;20,00;3,0;3,0;38,10;0,06;0,002;0,0;0,01;0,054
254;01.11.2023;12:15:03;00:04:13;250,0;17,3;18,2;17,4;19,3;115,2;11,6;0,2;1,68E-1;-541,2;20,00;3,0;3,0;38,10;0,06;-0,003;0,0;0,00;0,054
255;01.11.2023;12:15:04;00:04:14;250,0;17,2;18,1;17,4;19,3;116,7;11,8;0,2;1,67E-1;-541,2;20,00;3,0;3,0;38,10;0,06;-0,003;0,0;0,01;0,054
256;01.11.2023;12:15:05;00:04:15;250,0;17,2;18,1;17,4;19,3;117,4;11,9;0,2;1,66E-1;-541,2;20,00;3,0;3,0;38,10;0,06;-0,002;0,0;0,01;0,054
257;01.11.2023;12:15:06;00:04:16;250,0;17,2;18,1;17,4;19,3;119,0;12,2;0,2;1,65E-1;-541,2;20,00;3,0;3,0;38,10;0,06;-0,002;0,0;0,00;0,054
258;01.11.2023;12:15:07;00:04:17;250,0;17,2;18,1;17,4;19,3;120,4;12,4;0,2;1,64E-1;-541,2;20,00;3,0;3,1;38,10;0,06;0,000;0,0;0,01;0,054
259;01.11.2023;12:15:08;00:04:18;250,0;17,2;18,1;17,4;19,3;121,1;12,5;0,2;1,63E-1;-541,2;20,00;3,0;3,1;38,10;0,06;0,000;0,0;0,00;0,054
260;01.11.2023;12:15:09;00:04:19;250,0;17,2;18,1;17,4;19,3;122,6;12,7;0,2;1,62E-1;-541,2;20,00;3,0;3,0;38,10;0,06;0,000;0,0;0,01;0,054
261;01.11.2023;12:15:10;00:04:20;250,0;17,3;18,1;17,4;19,3;123,3;12,8;0,2;1,62E-1;-541,2;20,00;3,0;3,0;38,10;0,06;0,000;0,0;0,00;0,054
262;01.11.2023;12:15:11;00:04:21;250,0;17,3;18,1;17,4;19,3;124,8;13,1;0,2;1,61E-1;-541,2;20,00;3,0;2,9;38,10;0,06;-0,003;0,0;0,01;0,054
263;01.11.2023;12:15:12;00:04:22;250,0;17,3;18,1;17,4;19,3;126,3;13,3;0,2;1,60E-1;-541,2;20,00;3,0;3,0;38,10;0,06;0,001;0,0;0,01;0,054
264;01.11.2023;12:15:13;00:04:23;250,0;17,3;18,1;17,4;19,3;127,1;13,4;0,2;1,60E-1;-541,2;20,00;3,0;3,1;38,10;0,06;0,003;0,0;0,00;0,054
265;01.11.2023;12:15:14;00:04:24;250,0;17,3;18,1;17,4;19,3;128,5;13,7;0,2;1,58E-1;-541,2;20,00;3,0;3,0;38,10;0,06;0,002;0,0;0,01;0,054
266;01.11.2023;12:15:15;00:04:25;250,0;17,3;18,1;17,4;19,3;130,0;13,9;0,2;1,58E-1;-541,2;20,00;3,0;3,0;38,10;0,07;0,013;1,1;3,89;0,288
267;01.11.2023;12:15:16;00:04:26;250,0;17,3;18,1;17,4;19,3;130,7;14,0;0,2;1,57E-1;-541,2;20,00;3,0;3,0;38,10;0,07;0,027;1,2;3,89;0,296
268;01.11.2023;12:15:17;00:04:27;250,0;17,4;18,1;17,4;19,4;132,1;14,2;0,2;1,56E-1;-541,2;20,00;3,0;3,0;38,10;0,06;0,032;1,2;3,92;0,301
269;01.11.2023;12:15:18;00:04:28;250,3;17,4;18,2;17,5;19,4;133,7;14,5;0,2;1,56E-1;-541,2;20,00;3,0;3,0;38,10;0,06;0,029;1,2;3,92;0,307
270;01.11.2023;12:15:19;00:04:29;250,1;17,4;18,2;17,5;19,4;134,4;14,6;0,2;1,55E-1;-541,2;20,00;3,0;3,1;38,10;0,07;0,032;1,2;3,92;0,313
271;01.11.2023;12:15:20;00:04:30;250,0;17,7;18,2;17,5;19,6;135,9;14,8;0,2;1,55E-1;-541,2;20,00;3,0;2,9;38,10;0,07;0,013;1,2;3,96;0,313
272;01.11.2023;12:15:21;00:04:31;250,1;18,6;18,2;17,4;19,8;137,3;14,9;0,2;1,54E-1;-541,2;20,00;3,0;2,9;38,10;0,07;0,007;1,3;3,96;0,317
273;01.11.2023;12:15:22;00:04:32;250,0;18,6;18,2;17,4;19,8;138,1;15,1;0,2;1,53E-1;-541,2;20,00;3,0;3,0;38,10;0,07;0,009;1,3;4,00;0,317
274;01.11.2023;12:15:23;00:04:33;250,1;20,1;18,3;17,5;19,8;139,5;15,2;0,2;1,53E-1;-541,2;20,00;3,0;3,1;38,10;0,07;0,009;1,3;3,99;0,318
275;01.11.2023;12:15:24;00:04:34;250,1;20,1;18,3;17,3;20,0;140,3;15,3;0,2;1,53E-1;-541,2;20,00;3,0;3,0;38,10;0,06;0,009;1,3;4,04;0,322
276;01.11.2023;12:15:25;00:04:35;250,0;19,9;18,2;17,4;19,9;141,8;15,5;0,2;1,52E-1;-541,2;20,00;3,0;2,9;38,10;0,07;0,002;1,3;4,02;0,325
277;01.11.2023;12:15:26;00:04:36;250,1;22,4;18,2;17,4;20,0;143,2;15,6;0,2;1,52E-1;-541,2;20,00;3,0;2,9;38,10;0,07;-0,001;1,3;4,00;0,327
278;01.11.2023;12:15:27;00:04:37;250,1;22,4;18,2;17,4;20,0;144,0;15,7;0,2;1,51E-1;-541,2;20,00;3,0;3,0;38,10;0,07;0,003;1,3;4,00;0,328
279;01.11.2023;12:15:28;00:04:38;250,0;25,3;18,3;17,4;20,1;145,4;15,7;0,2;1,51E-1;-541,2;20,00;3,0;3,0;38,10;0,07;0,002;1,3;4,00;0,330
280;01.11.2023;12:15:29;00:04:39;250,1;28,6;18,4;17,6;20,1;146,9;15,6;0,2;1,50E-1;-541,2;20,00;3,0;3,0;38,10;0,06;0,002;1,3;4,04;0,332
281;01.11.2023;12:15:30;00:04:40;250,0;28,6;18,4;17,6;20,2;147,7;15,7;0,1;1,50E-1;-541,2;20,00;3,0;2,9;38,10;0,07;-0,003;1,3;4,00;0,332
282;01.11.2023;12:15:31;00:04:41;250,1;28,6;18,6;17,7;20,2;149,2;16,0;0,1;1,49E-1;-541,2;20,00;3,0;2,9;38,10;0,06;-0,003;1,3;4,05;0,332
283;01.11.2023;12:15:32;00:04:42;250,1;32,0;18,6;17,7;20,3;150,6;15,9;0,1;1,49E-1;-541,2;20,00;3,0;3,1;38,10;0,06;0,004;1,3;4,00;0,332
284;01.11.2023;12:15:33;00:04:43;250,2;35,3;18,7;17,9;20,3;151,3;15,9;0,1;1,49E-1;-541,2;20,00;3,0;3,1;38,10;0,07;-0,001;1,4;4,02;0,335
285;01.11.2023;12:15:34;00:04:44;250,2;35,3;18,7;17,9;20,3;152,8;16,0;0,1;1,48E-1;-541,2;20,00;3,0;3,0;38,10;0,06;0,000;1,3;4,05;0,333
286;01.11.2023;12:15:35;00:04:45;250,1;35,3;18,9;18,1;20,3;153,5;16,1;0,1;1,48E-1;-541,2;20,00;3,0;3,0;38,10;0,06;-0,002;1,4;4,04;0,337
287;01.11.2023;12:15:36;00:04:46;250,1;38,7;18,9;18,1;20,4;155,1;16,0;0,1;1,48E-1;-541,2;20,00;3,0;2,9;38,10;0,06;-0,008;1,4;4,06;0,338
288;01.11.2023;12:15:37;00:04:47;250,1;42,0;19,0;18,3;20,4;156,5;16,0;0,1;1,47E-1;-541,2;20,00;3,0;2,9;38,10;0,06;-0,010;1,4;4,02;0,338
289;01.11.2023;12:15:38;00:04:48;250,1;42,0;19,0;18,3;20,4;157,3;16,1;0,1;1,47E-1;-541,2;20,00;3,0;3,0;38,10;0,06;-0,003;1,4;4,07;0,339
290;01.11.2023;12:15:39;00:04:49;250,1;45,3;19,2;18,5;20,4;158,7;16,0;0,1;1,47E-1;-541,2;20,00;3,0;3,0;38,10;0,06;-0,002;1,4;4,02;0,342
291;01.11.2023;12:15:40;00:04:50;250,1;45,3;19,3;18,5;20,4;160,2;16,3;0,1;1,46E-1;-541,2;20,00;3,0;2,9;38,10;0,06;-0,004;1,4;4,09;0,342
292;01.11.2023;12:15:41;00:04:51;250,3;48,5;19,3;18,8;20,4;160,9;16,4;0,1;1,46E-1;-541,2;20,00;3,0;3,0;38,10;0,06;-0,002;1,4;4,07;0,346
293;01.11.2023;12:15:42;00:04:52;250,1;48,5;19,3;18,8;20,5;162,3;16,3;0,1;1,46E-1;-541,2;20,00;3,0;3,1;38,10;0,07;-0,004;1,4;4,08;0,344
294;01.11.2023;12:15:43;00:04:53;250,0;51,6;19,5;19,0;20,5;163,8;16,3;0,1;1,45E-1;-541,2;20,00;3,0;2,9;38,10;0,06;-0,006;1,4;4,04;0,345
295;01.11.2023;12:15:44;00:04:54;250,1;51,6;19,5;19,0;20,5;164,6;16,4;0,1;1,45E-1;-541,2;20,00;3,0;3,0;38,10;0,06;-0,009;1,4;4,04;0,347
296;01.11.2023;12:15:45;00:04:55;250,2;54,9;19,6;19,2;20,6;166,1;16,4;0,1;1,45E-1;-541,2;20,00;3,0;2,9;38,10;0,06;-0,011;1,4;4,06;0,349
297;01.11.2023;12:15:46;00:04:56;250,1;54,9;19,7;19,2;20,6;167,5;16,6;0,1;1,44E-1;-541,2;20,00;3,0;2,9;38,10;0,06;-0,010;1,4;4,08;0,350
298;01.11.2023;12:15:47;00:04:57;250,2;54,9;19,7;19,2;20,6;168,3;16,7;0,1;1,44E-1;-541,2;20,00;3,0;3,0;38,10;0,06;-0,011;1,4;4,07;0,350
299;01.11.2023;12:15:48;00:04:58;250,2;58,1;19,7;19,5;20,6;169,7;16,6;0,1;1,44E-1;-541,2;20,00;3,0;3,0;38,10;0,06;-0,008;1,4;4,06;0,350
300;01.11.2023;12:15:49;00:04:59;250,0;58,1;19,9;19,7;20,6;170,4;16,7;0,1;1,44E-1;-541,2;20,00;3,0;3,0;38,10;0,06;-0,014;1,4;4,08;0,352
301;01.11.2023;12:15:50;00:05:00;250,0;61,3;19,9;19,7;20,6;172,0;16,7;0,1;1,43E-1;-541,2;20,00;3,0;2,9;38,10;0,06;-0,014;1,4;4,04;0,351
302;01.11.2023;12:15:51;00:05:01;250,0;64,4;20,0;19,9;20,6;173,5;16,9;0,1;1,43E-1;-541,2;20,00;3,0;3,1;38,10;0,06;-0,005;1,4;4,08;0,356
303;01.11.2023;12:15:52;00:05:02;250,1;64,4;20,0;19,9;20,5;174,2;16,8;0,1;1,43E-1;-541,2;20,00;3,0;3,0;38,10;0,06;-0,009;1,4;4,07;0,352
304;01.11.2023;12:15:53;00:05:03;250,0;67,3;20,1;20,2;20,6;175,6;16,8;0,1;1,42E-1;-541,2;20,00;3,0;3,0;38,10;0,06;-0,009;1,5;4,07;0,357
305;01.11.2023;12:15:54;00:05:04;250,1;67,3;20,3;20,2;20,6;177,1;17,0;0,1;1,42E-1;-541,2;20,00;3,0;3,0;38,10;0,06;-0,008;1,5;4,11;0,357
306;01.11.2023;12:15:55;00:05:05;250,1;67,3;20,3;20,2;20,6;177,8;17,1;0,1;1,42E-1;-541,2;20,00;3,0;3,0;38,10;0,06;-0,008;1,5;4,11;0,358
307;01.11.2023;12:15:56;00:05:06;250,0;70,2;20,3;20,4;20,6;179,4;17,1;0,1;1,42E-1;-541,2;20,00;3,0;3,0;38,10;0,06;-0,010;1,5;4,10;0,361
308;01.11.2023;12:15:57;00:05:07;250,1;73,1;20,4;20,6;20,5;180,8;17,0;0,1;1,41E-1;-541,2;20,00;3,0;3,0;38,10;0,06;-0,008;1,5;4,09;0,361
309;01.11.2023;12:15:58;00:05:08;250,1;73,1;20,4;20,6;20,5;181,6;17,1;0,1;1,41E-1;-541,2;20,00;3,0;3,0;38,10;0,06;-0,012;1,5;4,11;0,361
310;01.11.2023;12:15:59;00:05:09;250,0;73,1;20,5;20,8;20,5;183,0;17,4;0,1;1,41E-1;-541,2;20,00;3,0;2,9;38,10;0,06;-0,020;1,5;4,13;0,364
311;01.11.2023;12:16:00;00:05:10;250,0;75,9;20,5;20,8;20,6;184,5;17,3;0,1;1,41E-1;-541,2;20,00;3,0;3,0;38,10;0,06;-0,018;1,5;4,15;0,363
312;01.11.2023;12:16:01;00:05:11;250,2;78,7;20,7;21,1;20,6;185,2;17,3;0,1;1,40E-1;-541,2;20,00;3,0;3,1;38,10;0,06;-0,014;1,5;4,17;0,366
313;01.11.2023;12:16:02;00:05:12;250,0;78,7;20,8;21,1;20,6;186,7;17,4;0,1;1,40E-1;-541,2;20,00;3,0;3,0;38,10;0,06;-0,014;1,5;4,12;0,366
314;01.11.2023;12:16:03;00:05:13;250,1;78,7;20,8;21,3;20,6;187,5;17,6;0,1;1,40E-1;-541,2;20,00;3,0;2,9;38,10;0,06;-0,014;1,5;4,13;0,366
315;01.11.2023;12:16:04;00:05:14;250,0;81,4;20,8;21,3;20,7;188,9;17,5;0,1;1,40E-1;-541,2;20,00;3,0;3,0;38,10;0,06;-0,021;1,5;4,13;0,366
316;01.11.2023;12:16:05;00:05:15;250,0;81,4;20,9;21,5;20,7;190,4;17,8;0,1;1,39E-1;-541,2;20,00;3,0;3,0;38,10;0,06;-0,017;1,5;4,17;0,369
317;01.11.2023;12:16:06;00:05:16;250,0;84,2;20,9;21,5;20,7;191,1;17,7;0,1;1,39E-1;-541,2;20,00;3,0;3,0;38,10;0,06;-0,016;1,5;4,17;0,371
318;01.11.2023;12:16:07;00:05:17;250,0;84,2;21,0;21,5;20,7;192,5;17,9;0,1;1,39E-1;-541,2;20,00;3,0;3,1;38,10;0,06;-0,012;1,5;4,14;0,371
319;01.11.2023;12:16:08;00:05:18;250,0;86,9;21,0;21,7;20,7;194,1;17,9;0,1;1,38E-1;-541,2;20,00;3,0;3,1;38,09;0,06;-0,013;1,5;4,15;0,371
320;01.11.2023;12:16:09;00:05:19;250,2;86,9;21,2;21,9;20,7;194,8;18,0;0,1;1,38E-1;-541,2;20,00;3,0;3,1;38,10;0,06;-0,015;1,6;4,15;0,374
321;01.11.2023;12:16:10;00:05:20;250,0;89,7;21,2;21,9;20,7;196,3;18,0;0,1;1,38E-1;-541,2;20,00;3,0;3,0;38,09;0,06;-0,011;1,6;4,16;0,376
322;01.11.2023;12:16:11;00:05:21;250,0;92,3;21,3;22,1;20,8;197,7;18,1;0,1;1,37E-1;-541,2;20,00;3,0;3,0;38,09;0,06;-0,017;1,6;4,15;0,376
323;01.11.2023;12:16:12;00:05:22;250,0;92,3;21,3;22,1;20,8;198,5;18,1;0,1;1,37E-1;-541,2;20,00;3,0;3,0;38,09;0,06;-0,018;1,6;4,16;0,376
324;01.11.2023;12:16:13;00:05:23;250,0;94,8;21,4;22,3;20,8;199,9;18,1;0,1;1,37E-1;-541,2;20,00;3,0;3,0;38,09;0,06;-0,015;1,6;4,21;0,377
325;01.11.2023;12:16:14;00:05:24;250,2;94,8;21,6;22,3;20,8;201,5;18,3;0,1;1,37E-1;-541,2;20,00;3,0;3,1;38,09;0,06;-0,011;1,6;4,15;0,380
326;01.11.2023;12:16:15;00:05:25;250,3;94,8;21,6;22,3;20,8;202,2;18,4;0,1;1,36E-1;-541,2;20,00;3,0;3,0;38,09;0,06;-0,015;1,6;4,20;0,380
327;01.11.2023;12:16:16;00:05:26;250,0;97,3;21,6;22,5;20,8;203,7;18,4;0,1;1,36E-1;-541,2;20,00;3,0;2,9;38,09;0,06;-0,020;1,6;4,20;0,381
328;01.11.2023;12:16:17;00:05:27;250,0;99,7;21,7;22,7;20,8;204,4;18,5;0,1;1,36E-1;-541,2;20,00;3,0;3,0;38,09;0,06;-0,018;1,6;4,15;0,381
329;01.11.2023;12:16:18;00:05:28;250,0;99,7;21,7;22,7;20,8;205,8;18,5;0,1;1,35E-1;-541,2;20,00;3,0;3,1;38,09;0,06;-0,016;1,6;4,17;0,384
330;01.11.2023;12:16:19;00:05:29;250,1;102,1;21,8;22,9;20,8;207,3;18,8;0,1;1,35E-1;-541,2;20,00;3,0;3,0;38,09;0,06;-0,018;1,6;4,18;0,386
331;01.11.2023;12:16:20;00:05:30;250,0;102,1;21,8;22,9;20,9;208,0;18,7;0,1;1,35E-1;-541,2;20,00;3,0;3,0;38,09;0,06;-0,024;1,6;4,18;0,388
332;01.11.2023;12:16:21;00:05:31;250,1;104,5;21,9;23,0;20,9;209,6;18,7;0,1;1,35E-1;-541,2;20,00;3,0;2,9;38,09;0,06;-0,026;1,6;4,20;0,389
333;01.11.2023;12:16:22;00:05:32;250,0;104,5;22,0;23,2;20,9;211,0;18,9;0,1;1,34E-1;-541,2;20,00;3,0;2,9;38,09;0,05;-0,024;1,7;4,24;0,390
334;01.11.2023;12:16:23;00:05:33;250,2;106,8;22,0;23,2;20,9;211,8;18,8;0,1;1,34E-1;-541,2;20,00;3,0;2,9;38,09;0,06;-0,024;1,6;4,19;0,391
335;01.11.2023;12:16:24;00:05:34;250,1;106,8;22,0;23,1;20,8;213,2;19,0;0,1;1,33E-1;-541,2;20,00;3,0;2,9;38,09;0,05;-0,018;1,7;4,24;0,391
336;01.11.2023;12:16:25;00:05:35;250,0;106,8;22,1;23,3;20,8;214,7;19,3;0,1;1,33E-1;-541,2;20,00;3,0;3,0;38,09;0,06;-0,022;1,7;4,24;0,391
337;01.11.2023;12:16:26;00:05:36;250,0;109,3;22,1;23,3;20,8;215,4;19,2;0,1;1,33E-1;-541,2;20,00;3,0;3,0;38,09;0,05;-0,015;1,7;4,23;0,396
338;01.11.2023;12:16:27;00:05:37;250,1;111,8;22,2;23,5;20,8;217,0;19,4;0,1;1,33E-1;-541,2;20,00;3,0;3,0;38,09;0,05;-0,019;1,7;4,23;0,396
339;01.11.2023;12:16:28;00:05:38;250,1;111,8;22,2;23,5;20,9;217,7;19,3;0,1;1,32E-1;-541,2;20,00;3,0;3,0;38,09;0,05;-0,018;1,7;4,25;0,397
340;01.11.2023;12:16:29;00:05:39;250,2;114,2;22,3;23,6;20,9;219,1;19,4;0,1;1,32E-1;-541,2;20,00;3,0;2,9;38,09;0,05;-0,020;1,8;4,31;0,405
341;01.11.2023;12:16:30;00:05:40;250,2;114,2;22,3;23,6;20,9;220,6;19,5;0,1;1,31E-1;-541,2;20,00;3,0;2,9;38,08;0,05;-0,027;1,8;4,31;0,407
342;01.11.2023;12:16:31;00:05:41;250,3;114,2;22,5;23,6;20,9;221,3;19,6;0,1;1,31E-1;-541,2;20,00;3,0;2,9;38,09;0,05;-0,026;1,7;4,36;0,407
343;01.11.2023;12:16:32;00:05:42;250,0;116,7;22,5;23,8;20,9;222,8;19,6;0,1;1,31E-1;-541,2;20,00;3,0;3,0;38,08;0,05;-0,022;1,8;4,32;0,410
344;01.11.2023;12:16:33;00:05:43;250,0;119,0;22,6;24,0;20,9;224,3;19,7;0,1;1,31E-1;-541,2;20,00;3,0;3,0;38,08;0,05;-0,017;1,8;4,34;0,413
345;01.11.2023;12:16:34;00:05:44;250,0;119,0;22,6;24,0;20,9;225,1;19,8;0,1;1,30E-1;-541,2;20,00;3,0;3,1;38,09;0,05;-0,017;1,8;4,34;0,410
346;01.11.2023;12:16:35;00:05:45;250,2;119,0;22,7;24,0;20,9;226,5;20,0;0,1;1,30E-1;-541,2;20,00;3,0;3,0;38,08;0,05;-0,011;1,8;4,37;0,414
347;01.11.2023;12:16:36;00:05:46;250,1;121,3;22,7;24,1;20,9;228,0;20,0;0,1;1,30E-1;-541,2;20,00;3,0;3,1;38,09;0,05;-0,015;1,8;4,35;0,414
348;01.11.2023;12:16:37;00:05:47;250,1;123,6;22,8;24,3;20,9;228,7;20,1;0,1;1,30E-1;-541,2;20,00;3,0;3,0;38,08;0,05;-0,021;1,8;4,34;0,415
349;01.11.2023;12:16:38;00:05:48;250,1;123,6;22,8;24,3;20,9;230,1;20,1;0,1;1,29E-1;-541,2;20,00;3,0;3,1;38,08;0,05;-0,024;1,8;4,35;0,416
350;01.11.2023;12:16:39;00:05:49;250,1;125,9;23,0;24,4;21,0;231,7;20,3;0,1;1,29E-1;-541,2;20,00;3,0;3,0;38,08;0,05;-0,021;1,8;4,41;0,420
351;01.11.2023;12:16:40;00:05:50;250,0;125,9;23,0;24,4;21,0;232,4;20,3;0,1;1,28E-1;-541,2;20,00;3,0;3,0;38,08;0,05;-0,022;1,8;4,39;0,420
352;01.11.2023;12:16:41;00:05:51;250,0;128,4;23,1;24,6;21,0;233,9;20,3;0,1;1,28E-1;-541,2;20,00;3,0;3,0;38,08;0,05;-0,024;1,8;4,41;0,420
353;01.11.2023;12:16:42;00:05:52;250,0;128,4;23,1;24,6;21,0;234,6;20,4;0,1;1,28E-1;-541,2;20,00;3,0;3,0;38,08;0,05;-0,020;1,9;4,40;0,421
354;01.11.2023;12:16:43;00:05:53;250,1;128,4;23,2;24,6;21,0;236,0;20,6;0,1;1,27E-1;-541,2;20,00;3,0;2,9;38,08;0,04;-0,019;1,9;4,40;0,425
355;01.11.2023;12:16:44;00:05:54;250,2;130,9;23,2;24,7;21,0;237,5;20,6;0,1;1,27E-1;-541,2;20,00;3,0;2,9;38,08;0,05;-0,026;1,9;4,42;0,426
356;01.11.2023;12:16:45;00:05:55;250,0;130,8;23,3;24,7;21,0;238,3;20,8;0,1;1,27E-1;-541,2;20,00;3,0;3,0;38,08;0,05;-0,029;1,9;4,41;0,428
357;01.11.2023;12:16:46;00:05:56;250,0;133,4;23,3;24,9;21,0;239,8;20,8;0,1;1,26E-1;-541,2;20,00;3,0;3,0;38,08;0,04;-0,023;1,9;4,43;0,430
358;01.11.2023;12:16:47;00:05:57;250,0;136,0;23,4;25,0;21,0;241,2;21,0;0,1;1,26E-1;-541,2;20,00;3,0;3,0;38,08;0,05;-0,022;1,9;4,42;0,430
359;01.11.2023;12:16:48;00:05:58;250,0;136,0;23,4;25,0;21,0;242,0;20,9;0,1;1,26E-1;-541,2;20,00;3,0;3,1;38,08;0,04;-0,020;1,9;4,41;0,430
360;01.11.2023;12:16:49;00:05:59;250,1;136,0;23,6;25,0;21,0;243,4;21,1;0,1;1,25E-1;-541,2;20,00;3,0;3,0;38,08;0,05;-0,027;1,9;4,43;0,431
361;01.11.2023;12:16:50;00:06:00;250,0;138,6;23,6;25,2;21,0;244,9;21,1;0,1;1,25E-1;-541,2;20,00;3,0;3,0;38,08;0,05;-0,025;1,9;4,42;0,432
362;01.11.2023;12:16:51;00:06:01;250,1;138,6;23,6;25,2;21,0;245,7;21,2;0,1;1,25E-1;-541,2;20,00;3,0;3,0;38,08;0,04;-0,024;1,9;4,46;0,434
363;01.11.2023;12:16:52;00:06:02;250,0;141,1;23,7;25,4;21,0;247,2;21,2;0,1;1,24E-1;-541,2;20,00;3,0;3,0;38,08;0,04;-0,023;1,9;4,48;0,435
364;01.11.2023;12:16:53;00:06:03;250,2;141,1;23,8;25,5;21,0;248,6;21,4;0,1;1,24E-1;-541,2;20,00;3,0;3,0;38,08;0,04;-0,021;2,0;4,44;0,438
365;01.11.2023;12:16:54;00:06:04;250,0;143,4;23,8;25,5;21,1;249,3;21,4;0,1;1,24E-1;-541,2;20,00;3,0;3,0;38,08;0,04;-0,019;2,0;4,49;0,440
366;01.11.2023;12:16:55;00:06:05;250,1;143,4;24,0;25,7;21,1;250,8;21,6;0,1;1,23E-1;-541,2;20,00;3,0;3,0;38,08;0,04;-0,015;2,0;4,45;0,440
367;01.11.2023;12:16:56;00:06:06;250,1;145,8;24,0;25,7;21,1;251,5;21,5;0,1;1,23E-1;-541,2;20,00;3,0;3,0;38,08;0,04;-0,022;2,0;4,43;0,440
368;01.11.2023;12:16:57;00:06:07;250,0;148,1;24,1;25,8;21,1;253,1;21,6;0,1;1,23E-1;-541,2;20,00;3,0;2,9;38,07;0,04;-0,030;2,0;4,47;0,441
369;01.11.2023;12:16:58;00:06:08;250,1;148,1;24,2;25,8;21,1;254,5;21,7;0,1;1,22E-1;-541,2;20,00;3,0;3,0;38,08;0,04;-0,028;2,0;4,49;0,444
370;01.11.2023;12:16:59;00:06:09;250,1;148,1;24,2;25,8;21,1;255,3;21,8;0,1;1,22E-1;-541,2;20,00;3,0;3,0;38,07;0,04;-0,031;2,0;4,49;0,443
371;01.11.2023;12:17:00;00:06:10;250,1;150,4;24,2;26,0;21,1;256,7;21,9;0,1;1,22E-1;-541,2;20,00;3,0;3,0;38,08;0,04;-0,038;2,0;4,47;0,444
372;01.11.2023;12:17:01;00:06:11;250,0;152,7;24,4;26,1;21,1;258,2;21,9;0,1;1,22E-1;-541,2;20,00;3,0;3,0;38,08;0,04;-0,031;2,0;4,47;0,448
373;01.11.2023;12:17:02;00:06:12;250,0;152,7;24,4;26,1;21,1;258,9;22,0;0,1;1,21E-1;-541,2;20,00;3,0;2,9;38,07;0,04;-0,023;2,0;4,50;0,447
374;01.11.2023;12:17:03;00:06:13;250,1;152,7;24,5;26,3;21,1;260,5;22,2;0,1;1,21E-1;-541,2;20,00;3,0;3,0;38,07;0,04;-0,023;2,0;4,53;0,450
375;01.11.2023;12:17:04;00:06:14;250,1;155,0;24,5;26,3;21,1;261,9;22,3;0,1;1,20E-1;-541,2;20,00;3,0;3,0;38,07;0,04;-0,030;2,0;4,53;0,450
376;01.11.2023;12:17:05;00:06:15;250,3;155,0;24,6;26,2;21,1;262,6;22,4;0,1;1,20E-1;-541,2;20,00;3,0;3,0;38,07;0,04;-0,027;2,1;4,50;0,454
377;01.11.2023;12:17:06;00:06:16;250,1;157,4;24,6;26,4;21,2;264,1;22,4;0,1;1,20E-1;-541,2;20,00;3,0;2,9;38,08;0,04;-0,025;2,1;4,51;0,453
378;01.11.2023;12:17:07;00:06:17;250,1;157,4;24,6;26,4;21,2;264,8;22,5;0,1;1,20E-1;-541,2;20,00;3,0;3,0;38,07;0,04;-0,018;2,1;4,47;0,453
379;01.11.2023;12:17:08;00:06:18;250,1;159,8;24,7;26,6;21,2;266,3;22,5;0,1;1,19E-1;-541,2;20,00;3,0;3,0;38,07;0,04;-0,020;2,1;4,51;0,454
380;01.11.2023;12:17:09;00:06:19;250,2;159,8;24,9;26,7;21,2;267,8;22,7;0,1;1,19E-1;-541,2;20,00;3,0;3,0;38,07;0,04;-0,023;2,1;4,54;0,459
381;01.11.2023;12:17:10;00:06:20;250,0;162,3;24,9;26,7;21,2;268,6;22,7;0,1;1,19E-1;-541,2;20,00;3,0;3,0;38,07;0,04;-0,021;2,1;4,52;0,459
382;01.11.2023;12:17:11;00:06:21;250,0;162,3;25,0;26,7;21,2;270,0;22,9;0,1;1,18E-1;-541,2;20,00;3,0;3,0;38,07;0,03;-0,023;2,1;4,56;0,459
383;01.11.2023;12:17:12;00:06:22;250,0;164,7;25,0;26,9;21,2;271,5;22,9;0,1;1,18E-1;-541,2;20,00;3,0;3,0;38,07;0,03;-0,025;2,1;4,53;0,459
384;01.11.2023;12:17:13;00:06:23;250,1;166,9;25,1;27,0;21,2;272,2;23,0;0,1;1,18E-1;-541,2;20,00;3,0;3,0;38,07;0,03;-0,021;2,1;4,58;0,463
385;01.11.2023;12:17:14;00:06:24;250,3;166,9;25,1;27,0;21,2;273,6;23,0;0,1;1,18E-1;-541,2;20,00;3,0;3,0;38,07;0,04;-0,027;2,1;4,54;0,464
386;01.11.2023;12:17:15;00:06:25;250,1;169,1;25,3;27,2;21,3;275,2;23,1;0,1;1,17E-1;-541,2;20,00;3,0;3,0;38,07;0,03;-0,019;2,1;4,55;0,466
387;01.11.2023;12:17:16;00:06:26;250,0;169,1;25,3;27,2;21,3;275,9;23,2;0,1;1,17E-1;-541,2;20,00;3,0;3,0;38,07;0,03;-0,024;2,1;4,55;0,466
388;01.11.2023;12:17:17;00:06:27;250,0;171,3;25,4;27,3;21,3;277,4;23,2;0,1;1,17E-1;-541,2;20,00;3,0;3,0;38,07;0,03;-0,029;2,1;4,58;0,468
389;01.11.2023;12:17:18;00:06:28;250,0;171,3;25,5;27,3;21,3;278,8;23,4;0,1;1,16E-1;-541,2;20,00;3,0;3,1;38,07;0,03;-0,034;2,2;4,58;0,469
390;01.11.2023;12:17:19;00:06:29;250,0;171,3;25,5;27,3;21,3;279,5;23,5;0,1;1,16E-1;-541,2;20,00;3,0;3,0;38,07;0,03;-0,029;2,2;4,57;0,469
391;01.11.2023;12:17:20;00:06:30;250,3;173,5;25,5;27,5;21,3;281,0;23,6;0,1;1,16E-1;-541,2;20,00;3,0;3,0;38,07;0,03;-0,024;2,2;4,61;0,471
392;01.11.2023;12:17:21;00:06:31;250,1;173,5;25,6;27,6;21,3;281,7;23,7;0,1;1,16E-1;-541,2;20,00;3,0;3,0;38,06;0,03;-0,027;2,2;4,56;0,473
393;01.11.2023;12:17:22;00:06:32;250,0;175,7;25,6;27,6;21,3;283,3;23,7;0,1;1,15E-1;-541,2;20,00;3,0;3,0;38,06;0,03;-0,027;2,2;4,64;0,474
394;01.11.2023;12:17:23;00:06:33;250,1;177,9;25,8;27,8;21,3;284,7;23,9;0,1;1,15E-1;-541,2;20,00;3,0;3,0;38,07;0,03;-0,028;2,2;4,63;0,479
395;01.11.2023;12:17:24;00:06:34;250,0;177,9;25,8;27,8;21,3;285,5;23,9;0,1;1,15E-1;-541,2;20,00;3,0;3,0;38,06;0,03;-0,032;2,2;4,59;0,478
396;01.11.2023;12:17:25;00:06:35;250,1;177,9;25,9;27,9;21,3;286,9;24,1;0,1;1,15E-1;-541,2;20,00;3,0;2,9;38,07;0,03;-0,036;2,2;4,64;0,479
397;01.11.2023;12:17:26;00:06:36;250,1;180,2;25,9;27,9;21,3;288,4;24,1;0,1;1,14E-1;-541,2;20,00;3,0;2,9;38,06;0,03;-0,035;2,2;4,58;0,483
398;01.11.2023;12:17:27;00:06:37;250,0;180,2;25,9;27,9;21,3;289,1;24,2;0,1;1,14E-1;-541,2;20,00;3,0;3,0;38,06;0,03;-0,035;2,2;4,60;0,484
399;01.11.2023;12:17:28;00:06:38;250,1;182,7;26,0;28,0;21,3;290,7;24,2;0,1;1,14E-1;-541,2;20,00;3,0;3,0;38,07;0,03;-0,036;2,3;4,65;0,484
400;01.11.2023;12:17:29;00:06:39;250,1;182,7;26,1;28,0;21,3;292,1;24,5;0,1;1,14E-1;-541,2;20,00;3,0;3,0;38,06;0,03;-0,026;2,2;4,63;0,486
401;01.11.2023;12:17:30;00:06:40;250,0;185,1;26,1;28,2;21,4;292,8;24,4;0,1;1,14E-1;-541,2;20,00;3,0;3,1;38,06;0,03;-0,024;2,3;4,63;0,488
402;01.11.2023;12:17:31;00:06:41;250,0;185,1;26,3;28,2;21,4;294,3;24,6;0,1;1,13E-1;-541,2;20,00;3,0;3,0;38,06;0,03;-0,027;2,3;4,68;0,488
403;01.11.2023;12:17:32;00:06:42;250,1;187,6;26,3;28,4;21,4;295,7;24,6;0,1;1,13E-1;-541,2;20,00;3,0;3,0;38,06;0,03;-0,032;2,3;4,62;0,488
404;01.11.2023;12:17:33;00:06:43;250,1;187,6;26,4;28,4;21,4;296,5;24,7;0,1;1,13E-1;-541,2;20,00;3,0;3,0;38,06;0,03;-0,027;2,3;4,65;0,488
405;01.11.2023;12:17:34;00:06:44;250,0;189,9;26,4;28,5;21,4;298,0;24,8;0,1;1,13E-1;-541,2;20,00;3,0;3,0;38,06;0,03;-0,025;2,3;4,70;0,493
406;01.11.2023;12:17:35;00:06:45;250,0;189,9;26,4;28,5;21,4;298,8;24,9;0,1;1,12E-1;-541,2;20,00;3,0;3,0;38,06;0,02;-0,024;2,3;4,67;0,493
407;01.11.2023;12:17:36;00:06:46;250,1;192,1;26,5;28,7;21,5;300,2;24,9;0,1;1,12E-1;-541,2;20,00;3,0;3,0;38,06;0,02;-0,028;2,3;4,68;0,493
408;01.11.2023;12:17:37;00:06:47;250,0;192,1;26,7;28,8;21,5;301,7;25,1;0,1;1,12E-1;-541,2;20,00;3,0;3,0;38,06;0,02;-0,031;2,3;4,69;0,493
409;01.11.2023;12:17:38;00:06:48;250,0;194,3;26,7;28,8;21,5;302,4;25,1;0,1;1,12E-1;-541,2;20,00;3,0;3,0;38,06;0,02;-0,030;2,4;4,72;0,498
410;01.11.2023;12:17:39;00:06:49;250,2;194,3;26,7;28,8;21,5;303,8;25,3;0,1;1,12E-1;-541,2;20,00;3,0;3,0;38,06;0,02;-0,029;2,3;4,71;0,498
411;01.11.2023;12:17:40;00:06:50;250,2;196,5;26,8;28,9;21,5;305,4;25,3;0,1;1,11E-1;-541,2;20,00;3,0;3,0;38,06;0,02;-0,031;2,3;4,67;0,500
412;01.11.2023;12:17:41;00:06:51;250,0;198,7;26,9;29,1;21,5;306,1;25,4;0,1;1,11E-1;-541,2;20,00;3,0;2,9;38,05;0,02;-0,032;2,4;4,69;0,500
413;01.11.2023;12:17:42;00:06:52;250,2;198,7;26,9;29,1;21,5;307,6;25,4;0,1;1,11E-1;-541,2;20,00;3,0;2,9;38,06;0,02;-0,033;2,4;4,67;0,503
414;01.11.2023;12:17:43;00:06:53;250,0;200,9;27,1;29,2;21,5;309,0;25,7;0,1;1,11E-1;-541,2;20,00;3,0;3,0;38,06;0,02;-0,028;2,4;4,72;0,505
415;01.11.2023;12:17:44;00:06:54;250,1;200,9;27,1;29,2;21,6;309,8;25,6;0,1;1,11E-1;-541,2;20,00;3,0;2,9;38,06;0,02;-0,033;2,4;4,71;0,505
416;01.11.2023;12:17:45;00:06:55;250,3;200,9;27,0;29,2;21,5;311,2;25,8;0,1;1,10E-1;-541,2;20,00;3,0;3,0;38,05;0,02;-0,032;2,4;4,72;0,508
417;01.11.2023;12:17:46;00:06:56;250,0;203,3;27,1;29,4;21,5;312,1;25,8;0,1;1,10E-1;-541,2;20,00;3,0;3,0;38,05;0,02;-0,031;2,4;4,77;0,508
418;01.11.2023;12:17:47;00:06:57;250,2;203,3;27,1;29,4;21,5;313,5;26,0;0,1;1,10E-1;-541,2;20,00;3,0;3,0;38,06;0,02;-0,031;2,4;4,68;0,509
419;01.11.2023;12:17:48;00:06:58;250,2;205,7;27,3;29,5;21,6;315,0;26,0;0,1;1,10E-1;-541,2;20,00;3,0;3,0;38,05;0,01;-0,032;2,4;4,73;0,511
420;01.11.2023;12:17:49;00:06:59;250,3;205,7;27,4;29,5;21,6;315,7;26,1;0,1;1,10E-1;-541,2;20,00;3,0;3,0;38,05;0,02;-0,031;2,4;4,73;0,513
421;01.11.2023;12:17:50;00:07:00;250,2;208,1;27,4;29,7;21,6;317,1;26,1;0,1;1,10E-1;-541,2;20,00;3,0;3,0;38,05;0,02;-0,040;2,4;4,76;0,513
422;01.11.2023;12:17:51;00:07:01;250,0;208,1;27,6;29,8;21,6;318,6;26,3;0,1;1,09E-1;-541,2;20,00;3,0;3,0;38,05;0,02;-0,039;2,4;4,73;0,517
423;01.11.2023;12:17:52;00:07:02;250,0;210,5;27,6;29,8;21,6;319,4;26,2;0,1;1,09E-1;-541,2;20,00;3,0;3,0;38,05;0,01;-0,036;2,5;4,74;0,518
424;01.11.2023;12:17:53;00:07:03;250,0;210,5;27,7;30,0;21,6;320,9;26,5;0,1;1,09E-1;-541,2;20,00;3,0;3,0;38,05;0,02;-0,036;2,5;4,76;0,518
425;01.11.2023;12:17:54;00:07:04;251,4;212,7;27,7;30,0;21,6;322,3;26,5;0,1;1,09E-1;-541,2;20,00;3,0;3,0;38,05;0,01;-0,039;2,5;4,75;0,521
426;01.11.2023;12:17:55;00:07:05;252,1;212,7;27,7;30,0;21,6;323,0;26,6;0,1;1,09E-1;-541,2;20,00;3,0;3,1;38,05;0,01;-0,037;2,5;4,76;0,521
427;01.11.2023;12:17:56;00:07:06;253,2;215,0;27,8;30,1;21,7;324,5;26,6;0,1;1,09E-1;-541,2;20,00;3,0;3,0;38,05;0,01;-0,036;2,5;4,78;0,523
428;01.11.2023;12:17:57;00:07:07;256,2;217,2;28,0;30,3;21,7;326,1;26,7;0,1;1,09E-1;-541,2;20,00;3,0;3,0;38,05;0,01;-0,034;2,5;4,77;0,523
429;01.11.2023;12:17:58;00:07:08;256,9;217,2;28,0;30,3;21,6;326,8;26,8;0,1;1,08E-1;-541,2;20,00;3,0;3,0;38,05;0,01;-0,034;2,5;4,76;0,523
430;01.11.2023;12:17:59;00:07:09;258,8;217,2;28,1;30,4;21,6;328,2;27,0;0,1;1,08E-1;-541,2;20,00;3,0;3,0;38,05;0,01;-0,031;2,5;4,79;0,527
431;01.11.2023;12:18:00;00:07:10;258,9;219,5;28,1;30,4;21,7;329,0;26,9;0,1;1,08E-1;-541,2;20,00;3,0;2,9;38,04;0,01;-0,038;2,5;4,82;0,527
432;01.11.2023;12:18:01;00:07:11;260,9;221,7;28,2;30,6;21,7;330,4;27,1;0,1;1,08E-1;-541,2;20,00;3,0;3,0;38,05;0,01;-0,035;2,5;4,81;0,528
433;01.11.2023;12:18:02;00:07:12;262,3;221,7;28,2;30,6;21,7;331,9;27,2;0,1;1,08E-1;-541,2;20,00;3,0;3,1;38,04;0,01;-0,029;2,5;4,82;0,529
434;01.11.2023;12:18:03;00:07:13;263,6;221,7;28,4;30,7;21,7;332,6;27,3;0,1;1,08E-1;-541,2;20,00;3,0;3,0;38,05;0,01;-0,037;2,6;4,81;0,532
435;01.11.2023;12:18:04;00:07:14;265,2;223,9;28,4;30,7;21,7;334,2;27,3;0,1;1,07E-1;-541,2;20,00;3,0;2,9;38,05;0,01;-0,037;2,6;4,79;0,534
436;01.11.2023;12:18:05;00:07:15;266,8;223,9;28,4;30,6;21,6;335,6;27,6;0,1;1,07E-1;-541,2;20,00;3,0;3,0;38,04;0,01;-0,028;2,6;4,83;0,536
437;01.11.2023;12:18:06;00:07:16;267,9;226,3;28,4;30,8;21,6;336,3;27,5;0,1;1,07E-1;-541,2;20,00;3,0;3,0;38,04;0,01;-0,033;2,6;4,81;0,537
438;01.11.2023;12:18:07;00:07:17;269,0;226,3;28,6;30,8;21,6;337,8;27,7;0,1;1,07E-1;-541,2;20,00;3,0;3,0;38,04;0,00;-0,031;2,6;4,84;0,537
439;01.11.2023;12:18:08;00:07:18;270,6;228,7;28,6;30,9;21,6;339,2;27,7;0,1;1,07E-1;-541,2;20,00;3,0;3,0;38,04;0,01;-0,028;2,6;4,80;0,538
440;01.11.2023;12:18:09;00:07:19;271,5;228,7;28,7;31,1;21,6;340,0;27,8;0,1;1,07E-1;-541,2;20,00;3,0;2,9;38,04;0,01;-0,029;2,6;4,85;0,540
441;01.11.2023;12:18:10;00:07:20;273,4;231,2;28,7;31,1;21,6;341,4;27,9;0,1;1,06E-1;-541,2;20,00;3,0;2,9;38,04;0,01;-0,036;2,6;4,85;0,543
442;01.11.2023;12:18:11;00:07:21;275,3;233,6;28,8;31,2;21,7;343,0;28,0;0,1;1,06E-1;-541,2;20,00;3,0;3,0;38,04;0,00;-0,038;2,6;4,88;0,545
443;01.11.2023;12:18:12;00:07:22;275,9;233,6;28,8;31,2;21,7;343,7;28,0;0,1;1,06E-1;-541,2;20,00;3,0;3,0;38,04;0,00;-0,036;2,7;4,85;0,546
444;01.11.2023;12:18:13;00:07:23;278,1;233,6;29,0;31,2;21,7;345,2;28,2;0,1;1,06E-1;-541,2;20,00;3,0;2,9;38,04;0,00;-0,044;2,7;4,86;0,547
445;01.11.2023;12:18:14;00:07:24;278,8;235,9;29,0;31,4;21,7;345,9;28,2;0,1;1,06E-1;-541,2;20,00;3,0;3,0;38,04;0,01;-0,037;2,7;4,84;0,547
446;01.11.2023;12:18:15;00:07:25;280,2;235,9;29,0;31,4;21,7;347,3;28,4;0,1;1,06E-1;-541,2;20,00;3,0;3,0;38,04;0,00;-0,035;2,7;4,87;0,549
447;01.11.2023;12:18:16;00:07:26;281,9;238,3;29,1;31,5;21,8;348,8;28,4;0,1;1,05E-1;-541,2;20,00;3,0;3,0;38,04;0,00;-0,032;2,7;4,88;0,548
448;01.11.2023;12:18:17;00:07:27;283,1;238,3;29,2;31,7;21,8;349,6;28,5;0,1;1,05E-1;-541,2;20,00;3,0;3,0;38,03;0,00;-0,034;2,7;4,87;0,550
449;01.11.2023;12:18:18;00:07:28;284,4;240,6;29,2;31,7;21,8;351,1;28,5;0,1;1,05E-1;-541,2;20,00;3,0;3,1;38,04;0,00;-0,033;2,7;4,90;0,553
450;01.11.2023;12:18:19;00:07:29;286,3;243,0;29,4;31,8;21,8;352,5;28,7;0,1;1,05E-1;-541,2;20,00;3,0;3,0;38,04;0,00;-0,039;2,7;4,89;0,556
451;01.11.2023;12:18:20;00:07:30;287,1;243,0;29,4;31,8;21,9;353,3;28,7;0,1;1,05E-1;-541,2;20,00;3,0;2,9;38,04;0,00;-0,040;2,7;4,91;0,556
452;01.11.2023;12:18:21;00:07:31;288,5;245,3;29,5;32,0;21,9;354,7;28,7;0,1;1,05E-1;-541,2;20,00;3,0;3,0;38,03;0,00;-0,033;2,7;4,89;0,557
453;01.11.2023;12:18:22;00:07:32;290,5;245,3;29,5;32,0;21,9;356,2;28,9;0,1;1,04E-1;-541,2;20,00;3,0;3,0;38,03;0,00;-0,035;2,7;4,89;0,557
454;01.11.2023;12:18:23;00:07:33;291,2;245,3;29,5;32,0;21,9;357,0;29,0;0,1;1,04E-1;-541,2;20,00;3,0;2,9;38,03;0,00;-0,038;2,8;4,91;0,561
455;01.11.2023;12:18:24;00:07:34;292,9;247,6;29,6;32,1;21,9;358,5;29,1;0,1;1,04E-1;-541,2;20,00;3,0;3,0;38,03;-0,01;-0,030;2,8;4,92;0,562
456;01.11.2023;12:18:25;00:07:35;293,4;247,6;29,7;32,1;21,9;359,2;29,2;0,1;1,04E-1;-541,2;20,00;3,0;3,0;38,03;0,00;-0,034;2,8;4,93;0,562
457;01.11.2023;12:18:26;00:07:36;295,2;250,1;29,8;32,4;22,0;360,6;29,2;0,1;1,04E-1;-541,2;20,00;3,0;2,9;38,03;-0,01;-0,034;2,8;4,94;0,567
458;01.11.2023;12:18:27;00:07:37;296,9;250,1;30,0;32,5;22,0;362,1;29,4;0,1;1,04E-1;-541,2;20,00;3,0;3,0;38,03;-0,01;-0,040;2,8;4,96;0,567
459;01.11.2023;12:18:28;00:07:38;297,7;252,6;30,0;32,5;22,0;362,8;29,3;0,1;1,04E-1;-541,2;20,00;3,0;3,0;38,03;-0,01;-0,042;2,8;4,98;0,568
460;01.11.2023;12:18:29;00:07:39;299,6;252,6;30,1;32,5;22,0;364,4;29,5;0,1;1,03E-1;-541,2;20,00;3,0;2,9;38,03;-0,01;-0,049;2,8;4,98;0,571
461;01.11.2023;12:18:30;00:07:40;301,2;255,0;30,1;32,6;22,0;365,8;29,6;0,1;1,03E-1;-541,2;20,00;3,0;3,0;38,02;-0,01;-0,043;2,8;4,97;0,572
462;01.11.2023;12:18:31;00:07:41;302,1;255,0;30,1;32,6;22,0;366,5;29,7;0,1;1,03E-1;-541,2;20,00;3,0;3,0;38,03;-0,01;-0,044;2,8;4,94;0,571
463;01.11.2023;12:18:32;00:07:42;303,9;257,5;30,2;32,8;22,0;368,0;29,7;0,1;1,03E-1;-541,2;20,00;3,0;3,0;38,03;-0,01;-0,038;2,9;4,98;0,574
464;01.11.2023;12:18:33;00:07:43;305,6;257,5;30,4;32,8;22,1;369,4;29,9;0,1;1,03E-1;-541,2;20,00;3,0;3,0;38,03;-0,01;-0,035;2,9;4,98;0,576
465;01.11.2023;12:18:34;00:07:44;306,4;259,8;30,4;32,9;22,1;370,2;29,9;0,1;1,03E-1;-541,2;20,00;3,0;3,0;38,03;-0,01;-0,037;2,9;4,99;0,576
466;01.11.2023;12:18:35;00:07:45;308,6;259,8;30,5;32,9;22,1;371,7;30,1;0,1;1,03E-1;-541,2;20,00;3,0;3,0;38,02;-0,01;-0,040;2,9;5,01;0,577
467;01.11.2023;12:18:36;00:07:46;310,0;262,1;30,5;33,1;22,1;373,2;30,1;0,1;1,02E-1;-541,2;20,00;3,0;3,0;38,02;-0,01;-0,039;2,9;4,98;0,577
468;01.11.2023;12:18:37;00:07:47;310,8;262,1;30,6;33,2;22,1;373,9;30,2;0,1;1,02E-1;-541,2;20,00;3,0;3,1;38,02;-0,01;-0,042;2,9;5,01;0,581
469;01.11.2023;12:18:38;00:07:48;312,5;264,5;30,6;33,2;22,1;375,4;30,2;0,1;1,02E-1;-541,2;20,00;3,0;3,1;38,02;-0,01;-0,034;2,9;5,02;0,583
470;01.11.2023;12:18:39;00:07:49;313,1;264,5;30,6;33,2;22,1;376,1;30,3;0,1;1,02E-1;-541,2;20,00;3,0;3,0;38,02;-0,01;-0,040;2,9;4,99;0,583
471;01.11.2023;12:18:40;00:07:50;315,1;266,8;30,8;33,4;22,1;377,5;30,3;0,1;1,02E-1;-541,2;20,00;3,0;3,1;38,02;-0,02;-0,034;2,9;5,03;0,585
472;01.11.2023;12:18:41;00:07:51;316,9;269,2;30,9;33,5;22,1;379,1;30,4;0,1;1,02E-1;-541,2;20,00;3,0;3,1;38,02;-0,02;-0,037;2,9;5,02;0,586
473;01.11.2023;12:18:42;00:07:52;317,4;269,2;30,9;33,5;22,2;379,8;30,5;0,1;1,02E-1;-541,2;20,00;3,0;3,0;38,02;-0,02;-0,045;2,9;4,98;0,586
474;01.11.2023;12:18:43;00:07:53;319,1;269,2;31,0;33,5;22,2;381,3;30,7;0,1;1,01E-1;-541,2;20,00;3,0;3,0;38,02;-0,02;-0,037;3,0;5,06;0,590
475;01.11.2023;12:18:44;00:07:54;320,7;271,5;31,0;33,7;22,2;382,7;30,7;0,1;1,01E-1;-541,2;20,00;3,0;3,1;38,02;-0,01;-0,038;3,0;5,03;0,591
476;01.11.2023;12:18:45;00:07:55;321,5;271,5;30,9;33,6;22,2;383,5;30,9;0,1;1,01E-1;-541,2;20,00;3,0;2,9;38,02;-0,02;-0,041;3,0;4,99;0,591
477;01.11.2023;12:18:46;00:07:56;323,3;274,0;31,1;33,8;22,2;384,9;30,9;0,1;1,01E-1;-541,2;20,00;3,0;3,0;38,02;-0,02;-0,034;3,0;5,03;0,596
478;01.11.2023;12:18:47;00:07:57;324,9;276,5;31,2;33,9;22,2;386,5;31,1;0,1;1,01E-1;-541,2;20,00;3,0;3,0;38,02;-0,02;-0,051;3,0;5,02;0,596
479;01.11.2023;12:18:48;00:07:58;325,7;276,5;31,2;33,9;22,2;387,2;31,0;0,1;1,01E-1;-541,2;20,00;3,0;2,9;38,02;-0,02;-0,053;3,0;5,06;0,596
480;01.11.2023;12:18:49;00:07:59;327,3;276,5;31,4;33,9;22,2;388,7;31,2;0,1;1,01E-1;-541,2;20,00;3,0;2,9;38,02;-0,02;-0,042;3,0;5,07;0,598
481;01.11.2023;12:18:50;00:08:00;329,1;279,0;31,4;34,1;22,2;390,1;31,2;0,1;1,00E-1;-541,2;20,00;3,0;3,0;38,01;-0,02;-0,042;3,0;5,05;0,601
482;01.11.2023;12:18:51;00:08:01;330,3;279,0;31,4;34,1;22,2;390,8;31,3;0,1;1,00E-1;-541,2;20,00;3,0;2,9;38,02;-0,03;-0,042;3,0;5,04;0,601
483;01.11.2023;12:18:52;00:08:02;331,7;281,6;31,5;34,2;22,2;392,3;31,3;0,1;1,00E-1;-541,2;20,00;3,0;2,9;38,01;-0,02;-0,040;3,0;5,06;0,601
484;01.11.2023;12:18:53;00:08:03;332,7;281,6;31,7;34,2;22,2;393,0;31,5;0,1;1,00E-1;-541,2;20,00;3,0;3,0;38,01;-0,03;-0,031;3,0;5,06;0,604
485;01.11.2023;12:18:54;00:08:04;334,2;284,0;31,7;34,4;22,2;394,6;31,5;0,1;9,98E-2;-541,2;20,00;3,0;2,9;38,01;-0,02;-0,025;3,1;5,07;0,606
486;01.11.2023;12:18:55;00:08:05;335,9;284,0;31,8;34,5;22,2;396,0;31,7;0,1;9,97E-2;-541,2;20,00;3,0;3,0;38,01;-0,02;-0,028;3,1;5,08;0,606
487;01.11.2023;12:18:56;00:08:06;336,6;286,3;31,8;34,5;22,3;396,8;31,6;0,1;9,97E-2;-541,2;20,00;3,0;3,0;38,01;-0,03;-0,026;3,1;5,05;0,606
488;01.11.2023;12:18:57;00:08:07;338,4;286,3;31,9;34,7;22,3;398,2;31,9;0,1;9,95E-2;-541,2;20,00;3,0;3,0;38,01;-0,02;-0,036;3,1;5,09;0,608
489;01.11.2023;12:18:58;00:08:08;340,0;288,7;31,9;34,7;22,3;399,7;31,9;0,1;9,93E-2;-541,2;20,00;3,0;3,0;38,01;-0,03;-0,041;3,1;5,11;0,611
490;01.11.2023;12:18:59;00:08:09;341,0;288,7;31,9;34,7;22,3;400,4;32,0;0,1;9,92E-2;-541,2;20,00;3,0;3,0;38,01;-0,03;-0,042;3,1;5,11;0,611
491;01.11.2023;12:19:00;00:08:10;342,7;291,2;32,1;34,8;22,3;402,0;32,0;0,1;9,91E-2;-541,2;20,00;3,0;3,1;38,01;-0,03;-0,037;3,1;5,12;0,614
492;01.11.2023;12:19:01;00:08:11;344,6;291,2;32,2;34,8;22,3;403,4;32,2;0,1;9,89E-2;-541,2;20,00;3,0;3,0;38,01;-0,03;-0,040;3,1;5,09;0,617
493;01.11.2023;12:19:02;00:08:12;345,3;293,7;32,2;35,0;22,3;404,1;32,2;0,1;9,88E-2;-541,2;20,00;3,0;3,0;38,01;-0,03;-0,038;3,2;5,12;0,618
494;01.11.2023;12:19:03;00:08:13;347,1;293,7;32,4;35,0;22,3;405,6;32,4;0,1;9,86E-2;-541,2;20,00;3,0;3,1;38,01;-0,03;-0,029;3,1;5,15;0,620
495;01.11.2023;12:19:04;00:08:14;348,0;296,2;32,4;35,1;22,3;406,3;32,3;0,1;9,86E-2;-541,2;20,00;3,0;3,0;38,00;-0,03;-0,036;3,2;5,12;0,618
496;01.11.2023;12:19:05;00:08:15;349,8;296,2;32,4;35,1;22,3;407,8;32,5;0,1;9,85E-2;-541,2;20,00;3,0;3,0;38,01;-0,03;-0,034;3,2;5,12;0,621
497;01.11.2023;12:19:06;00:08:16;351,6;298,8;32,5;35,3;22,4;409,3;32,5;0,1;9,83E-2;-541,2;20,00;3,0;3,0;38,01;-0,03;-0,030;3,2;5,11;0,625
498;01.11.2023;12:19:07;00:08:17;352,4;298,8;32,5;35,3;22,4;410,0;32,6;0,1;9,82E-2;-541,2;20,00;3,0;2,9;38,00;-0,03;-0,040;3,2;5,13;0,625
499;01.11.2023;12:19:08;00:08:18;354,1;298,8;32,6;35,5;22,4;411,5;32,8;0,1;9,81E-2;-541,2;20,00;3,0;3,0;38,01;-0,03;-0,038;3,2;5,13;0,625
500;01.11.2023;12:19:09;00:08:19;355,7;301,4;32,6;35,5;22,4;412,9;32,8;0,1;9,80E-2;-541,2;20,00;3,0;3,1;38,00;-0,03;-0,043;3,2;5,17;0,628
501;01.11.2023;12:19:10;00:08:20;356,5;304,0;32,8;35,6;22,4;413,7;32,8;0,1;9,80E-2;-541,2;20,00;3,0;3,0;38,00;-0,04;-0,040;3,2;5,13;0,629
502;01.11.2023;12:19:11;00:08:21;358,5;304,0;32,8;35,6;22,4;415,1;32,9;0,1;9,78E-2;-541,2;20,00;3,0;2,9;38,00;-0,03;-0,052;3,2;5,14;0,630
503;01.11.2023;12:19:12;00:08:22;360,0;306,6;32,9;35,8;22,4;416,7;33,0;0,1;9,76E-2;-541,2;20,00;3,0;3,1;38,00;-0,03;-0,045;3,3;5,15;0,635
504;01.11.2023;12:19:13;00:08:23;361,3;306,6;32,9;35,8;22,4;417,4;33,1;0,1;9,75E-2;-541,2;20,00;3,0;3,1;38,00;-0,04;-0,043;3,3;5,18;0,631
505;01.11.2023;12:19:14;00:08:24;362,7;309,0;33,1;36,0;22,5;418,9;33,1;0,1;9,74E-2;-541,2;20,00;3,0;3,0;38,00;-0,03;-0,049;3,3;5,16;0,635
506;01.11.2023;12:19:15;00:08:25;364,3;311,4;33,2;36,1;22,5;420,3;33,3;0,1;9,73E-2;-541,2;20,00;3,0;3,0;38,00;-0,04;-0,043;3,3;5,13;0,635
507;01.11.2023;12:19:16;00:08:26;365,3;311,4;33,2;36,1;22,5;421,0;33,2;0,1;9,72E-2;-541,2;20,00;3,0;3,0;38,00;-0,03;-0,047;3,3;5,14;0,635
508;01.11.2023;12:19:17;00:08:27;366,8;311,4;33,4;36,1;22,5;422,5;33,4;0,1;9,70E-2;-541,2;20,00;3,0;3,0;38,00;-0,04;-0,047;3,3;5,19;0,637
509;01.11.2023;12:19:18;00:08:28;367,7;313,9;33,4;36,3;22,5;423,3;33,5;0,1;9,69E-2;-541,2;20,00;3,0;3,0;38,00;-0,04;-0,039;3,3;5,21;0,640
510;01.11.2023;12:19:19;00:08:29;369,5;313,9;33,4;36,3;22,5;424,8;33,6;0,1;9,69E-2;-541,2;20,00;3,0;3,1;37,99;-0,04;-0,039;3,3;5,19;0,640
511;01.11.2023;12:19:20;00:08:30;371,1;316,3;33,5;36,4;22,5;426,2;33,6;0,1;9,68E-2;-541,2;20,00;3,0;3,0;38,00;-0,04;-0,045;3,3;5,18;0,641
512;01.11.2023;12:19:21;00:08:31;372,2;316,3;33,6;36,6;22,5;427,0;33,7;0,1;9,66E-2;-541,2;20,00;3,0;3,0;37,99;-0,04;-0,046;3,3;5,20;0,644
513;01.11.2023;12:19:22;00:08:32;373,7;318,8;33,6;36,6;22,5;428,4;33,7;0,1;9,64E-2;-541,2;20,00;3,0;3,1;38,00;-0,04;-0,046;3,4;5,22;0,646
514;01.11.2023;12:19:23;00:08:33;375,3;318,8;33,8;36,7;22,5;429,9;33,9;0,1;9,63E-2;-541,2;20,00;3,0;3,0;37,99;-0,04;-0,041;3,4;5,23;0,645
515;01.11.2023;12:19:24;00:08:34;376,4;321,2;33,8;36,7;22,6;430,7;33,9;0,1;9,63E-2;-541,2;20,00;3,0;3,0;37,99;-0,04;-0,042;3,4;5,21;0,647
516;01.11.2023;12:19:25;00:08:35;378,0;321,2;33,8;36,7;22,5;432,2;34,1;0,1;9,62E-2;-541,2;20,00;3,0;3,0;37,99;-0,05;-0,039;3,4;5,20;0,649
517;01.11.2023;12:19:26;00:08:36;379,6;323,8;33,9;36,9;22,6;433,6;34,1;0,1;9,60E-2;-541,2;20,00;3,0;3,0;37,99;-0,04;-0,043;3,4;5,22;0,650
518;01.11.2023;12:19:27;00:08:37;380,6;323,8;33,9;36,9;22,6;434,3;34,2;0,1;9,59E-2;-541,2;20,00;3,0;3,0;37,99;-0,05;-0,044;3,4;5,19;0,650
519;01.11.2023;12:19:28;00:08:38;382,3;323,8;34,0;37,0;22,6;435,8;34,4;0,1;9,58E-2;-541,2;20,00;3,0;3,0;37,99;-0,04;-0,042;3,4;5,23;0,654
520;01.11.2023;12:19:29;00:08:39;384,1;326,5;34,0;37,0;22,6;437,2;34,4;0,1;9,57E-2;-541,2;20,00;3,0;3,0;37,99;-0,05;-0,047;3,4;5,23;0,654
521;01.11.2023;12:19:30;00:08:40;385,1;329,1;34,2;37,2;22,6;438,1;34,4;0,1;9,56E-2;-541,2;20,00;3,0;3,0;37,99;-0,05;-0,042;3,4;5,22;0,657
522;01.11.2023;12:19:31;00:08:41;386,7;329,1;34,3;37,2;22,6;439,5;34,5;0,1;9,55E-2;-541,2;20,00;3,0;3,0;37,98;-0,05;-0,051;3,4;5,24;0,658
523;01.11.2023;12:19:32;00:08:42;387,5;331,7;34,3;37,4;22,6;440,3;34,4;0,1;9,54E-2;-541,2;20,00;3,0;3,0;37,99;-0,05;-0,047;3,5;5,25;0,659
524;01.11.2023;12:19:33;00:08:43;389,3;331,7;34,5;37,4;22,6;441,7;34,6;0,1;9,52E-2;-541,2;20,00;3,0;2,9;37,98;-0,05;-0,050;3,4;5,21;0,659
525;01.11.2023;12:19:34;00:08:44;391,1;334,2;34,5;37,5;22,6;443,2;34,7;0,1;9,52E-2;-541,2;20,00;3,0;2,9;37,99;-0,05;-0,048;3,5;5,26;0,664
526;01.11.2023;12:19:35;00:08:45;391,9;334,2;34,5;37,5;22,6;443,9;34,8;0,1;9,51E-2;-541,2;20,00;3,0;3,0;37,98;-0,05;-0,045;3,5;5,27;0,664
527;01.11.2023;12:19:36;00:08:46;393,8;336,7;34,6;37,7;22,6;445,5;34,8;0,1;9,50E-2;-541,2;20,00;3,0;3,0;37,98;-0,05;-0,041;3,5;5,27;0,664
528;01.11.2023;12:19:37;00:08:47;395,5;336,7;34,8;37,7;22,7;446,9;35,0;0,1;9,49E-2;-541,2;20,00;3,0;3,0;37,98;-0,05;-0,047;3,5;5,26;0,666
529;01.11.2023;12:19:38;00:08:48;396,3;339,2;34,8;37,8;22,7;447,6;35,0;0,1;9,48E-2;-541,2;20,00;3,0;3,1;37,98;-0,05;-0,044;3,5;5,28;0,667
530;01.11.2023;12:19:39;00:08:49;397,8;339,2;34,8;37,8;22,7;449,1;35,1;0,1;9,47E-2;-541,2;20,00;3,0;3,1;37,98;-0,06;-0,043;3,5;5,26;0,668
531;01.11.2023;12:19:40;00:08:50;399,6;341,7;34,9;38,0;22,7;450,5;35,1;0,1;9,46E-2;-541,2;20,00;3,0;3,0;37,98;-0,06;-0,045;3,5;5,26;0,669
532;01.11.2023;12:19:41;00:08:51;400,5;341,7;35,1;38,1;22,7;451,3;35,2;0,1;9,46E-2;-541,2;20,00;3,0;3,1;37,98;-0,06;-0,040;3,5;5,29;0,669
533;01.11.2023;12:19:42;00:08:52;402,5;344,2;35,1;38,1;22,7;452,8;35,3;0,1;9,44E-2;-541,2;20,00;3,0;3,0;37,98;-0,06;-0,044;3,6;5,33;0,674
534;01.11.2023;12:19:43;00:08:53;403,2;344,2;35,1;38,1;22,7;453,5;35,4;0,1;9,43E-2;-541,2;20,00;3,0;3,0;37,98;-0,06;-0,043;3,6;5,28;0,674
535;01.11.2023;12:19:44;00:08:54;405,2;346,7;35,2;38,3;22,7;455,0;35,4;0,1;9,42E-2;-541,2;20,00;3,0;3,1;37,98;-0,06;-0,041;3,6;5,28;0,675
536;01.11.2023;12:19:45;00:08:55;406,7;346,9;35,3;38,4;22,9;456,4;35,6;0,1;9,41E-2;-541,2;20,00;3,0;3,1;37,97;-0,06;-0,045;3,6;5,28;0,679
537;01.11.2023;12:19:46;00:08:56;407,3;349,6;35,5;38,6;22,9;457,2;35,7;0,1;9,40E-2;-541,2;20,00;3,0;3,0;37,98;-0,06;-0,043;3,6;5,32;0,679
538;01.11.2023;12:19:47;00:08:57;409,1;349,6;35,5;38,6;22,9;458,6;35,7;0,1;9,40E-2;-541,2;20,00;3,0;3,1;37,97;-0,06;-0,048;3,6;5,30;0,679
539;01.11.2023;12:19:48;00:08:58;411,1;352,4;35,6;38,7;22,9;460,2;35,8;0,1;9,39E-2;-541,2;20,00;3,0;3,0;37,97;-0,06;-0,053;3,6;5,29;0,683
540;01.11.2023;12:19:49;00:08:59;412,0;352,4;35,6;38,7;22,9;460,9;35,8;0,1;9,38E-2;-541,2;20,00;3,0;2,9;37,97;-0,06;-0,050;3,6;5,32;0,683
541;01.11.2023;12:19:50;00:09:00;413,5;355,2;35,8;38,9;22,9;462,4;35,8;0,1;9,36E-2;-541,2;20,00;3,0;3,1;37,97;-0,06;-0,054;3,7;5,32;0,684
542;01.11.2023;12:19:51;00:09:01;415,5;355,2;35,9;38,9;22,9;463,8;36,0;0,1;9,35E-2;-541,2;20,00;3,0;3,0;37,97;-0,06;-0,055;3,6;5,29;0,684
543;01.11.2023;12:19:52;00:09:02;416,1;355,2;35,9;38,9;22,9;464,5;36,1;0,1;9,35E-2;-541,2;20,00;3,0;2,9;37,97;-0,06;-0,055;3,7;5,34;0,687
544;01.11.2023;12:19:53;00:09:03;417,6;357,9;35,9;39,1;22,9;466,0;36,1;0,1;9,34E-2;-541,2;20,00;3,0;2,9;37,97;-0,07;-0,056;3,7;5,31;0,686
545;01.11.2023;12:19:54;00:09:04;419,6;360,4;36,1;39,3;22,9;467,6;36,1;0,1;9,33E-2;-541,2;20,00;3,0;3,0;37,97;-0,07;-0,052;3,7;5,32;0,689
546;01.11.2023;12:19:55;00:09:05;420,2;360,4;36,1;39,3;22,9;468,3;36,2;0,1;9,32E-2;-541,2;20,00;3,0;2,9;37,96;-0,06;-0,054;3,7;5,31;0,691
547;01.11.2023;12:19:56;00:09:06;422,3;362,9;36,2;39,4;22,9;469,7;36,4;0,1;9,31E-2;-541,2;20,00;3,0;2,9;37,97;-0,07;-0,053;3,7;5,37;0,694
548;01.11.2023;12:19:57;00:09:07;423,0;362,9;36,2;39,4;23,0;470,5;36,3;0,1;9,30E-2;-541,2;20,00;3,0;3,1;37,96;-0,07;-0,050;3,7;5,33;0,693
549;01.11.2023;12:19:58;00:09:08;425,0;365,5;36,4;39,6;23,0;471,9;36,4;0,1;9,29E-2;-541,2;20,00;3,0;3,0;37,97;-0,07;-0,050;3,7;5,34;0,696
550;01.11.2023;12:19:59;00:09:09;426,4;365,5;36,5;39,6;23,0;473,4;36,6;0,1;9,28E-2;-541,2;20,00;3,0;2,9;37,96;-0,07;-0,050;3,7;5,34;0,694
551;01.11.2023;12:20:00;00:09:10;427,3;368,0;36,5;39,7;23,0;474,2;36,5;0,1;9,28E-2;-541,2;20,00;3,0;3,0;37,96;-0,07;-0,048;3,7;5,34;0,695
552;01.11.2023;12:20:01;00:09:11;429,2;368,0;36,7;39,7;23,0;475,7;36,7;0,1;9,27E-2;-541,2;20,00;3,0;3,0;37,96;-0,07;-0,054;3,7;5,36;0,697
553;01.11.2023;12:20:02;00:09:12;430,8;370,5;36,7;39,9;23,0;477,1;36,7;0,1;9,26E-2;-541,2;20,00;3,0;3,0;37,96;-0,08;-0,049;3,8;5,31;0,699
554;01.11.2023;12:20:03;00:09:13;431,5;370,5;36,7;39,9;23,0;477,8;36,8;0,1;9,25E-2;-541,2;20,00;3,0;3,0;37,96;-0,08;-0,046;3,8;5,34;0,700
555;01.11.2023;12:20:04;00:09:14;433,4;373,0;36,8;40,0;23,1;479,3;36,8;0,1;9,24E-2;-541,2;20,00;3,0;3,0;37,96;-0,08;-0,045;3,8;5,34;0,703
556;01.11.2023;12:20:05;00:09:15;434,9;372,9;36,7;39,9;23,0;480,7;37,0;0,1;9,23E-2;-541,2;20,00;3,0;3,0;37,96;-0,08;-0,053;3,8;5,38;0,705
557;01.11.2023;12:20:06;00:09:16;436,0;375,6;36,8;40,1;23,0;481,6;37,0;0,1;9,23E-2;-541,2;20,00;3,0;3,0;37,96;-0,08;-0,049;3,8;5,37;0,708
558;01.11.2023;12:20:07;00:09:17;437,7;375,6;37,0;40,1;23,0;483,0;37,2;0,1;9,22E-2;-541,2;20,00;3,0;3,1;37,95;-0,08;-0,055;3,8;5,36;0,705
559;01.11.2023;12:20:08;00:09:18;439,3;378,3;37,0;40,2;22,9;484,5;37,2;0,1;9,21E-2;-541,2;20,00;3,0;3,0;37,96;-0,08;-0,059;3,8;5,38;0,708
560;01.11.2023;12:20:09;00:09:19;440,3;378,3;37,0;40,2;22,9;485,2;37,2;0,1;9,20E-2;-541,2;20,00;3,0;3,0;37,95;-0,08;-0,064;3,8;5,37;0,709
561;01.11.2023;12:20:10;00:09:20;441,9;381,0;37,1;40,4;23,0;486,7;37,2;0,1;9,19E-2;-541,2;20,00;3,0;3,0;37,96;-0,08;-0,064;3,8;5,38;0,710
562;01.11.2023;12:20:11;00:09:21;442,9;381,0;37,1;40,4;23,0;487,4;37,3;0,1;9,18E-2;-541,2;20,00;3,0;3,1;37,95;-0,08;-0,063;3,8;5,38;0,709
563;01.11.2023;12:20:12;00:09:22;444,5;381,0;37,3;40,5;23,0;489,0;37,6;0,1;9,17E-2;-541,2;20,00;3,0;3,0;37,95;-0,08;-0,060;3,8;5,39;0,713
564;01.11.2023;12:20:13;00:09:23;446,4;383,7;37,3;40,5;23,0;490,4;37,6;0,1;9,17E-2;-541,2;20,00;3,0;3,0;37,95;-0,08;-0,053;3,9;5,40;0,715
565;01.11.2023;12:20:14;00:09:24;447,0;386,2;37,4;40,7;23,0;491,1;37,6;0,1;9,16E-2;-541,2;20,00;3,0;3,0;37,95;-0,08;-0,053;3,9;5,44;0,714
566;01.11.2023;12:20:15;00:09:25;448,8;386,2;37,4;40,7;23,0;492,6;37,7;0,1;9,15E-2;-541,2;20,00;3,0;2,9;37,95;-0,09;-0,051;3,9;5,39;0,717
567;01.11.2023;12:20:16;00:09:26;450,4;388,8;37,6;40,9;23,1;494,0;37,7;0,1;9,14E-2;-541,2;20,00;3,0;3,0;37,95;-0,09;-0,046;3,9;5,39;0,718
568;01.11.2023;12:20:17;00:09:27;451,2;388,8;37,6;40,9;23,1;494,8;37,8;0,1;9,14E-2;-541,2;20,00;3,0;2,9;37,95;-0,09;-0,052;3,9;5,40;0,718
569;01.11.2023;12:20:18;00:09:28;452,8;391,3;37,7;41,0;23,1;496,3;37,8;0,1;9,13E-2;-541,2;20,00;3,0;3,0;37,95;-0,09;-0,052;3,9;5,42;0,723
570;01.11.2023;12:20:19;00:09:29;454,7;393,8;37,9;41,2;23,1;497,8;38,0;0,1;9,12E-2;-541,2;20,00;3,0;3,0;37,94;-0,09;-0,053;3,9;5,43;0,723
571;01.11.2023;12:20:20;00:09:30;455,4;393,8;37,9;41,2;23,1;498,5;37,9;0,1;9,11E-2;-541,2;20,00;3,0;3,1;37,95;-0,09;-0,049;3,9;5,42;0,725
572;01.11.2023;12:20:21;00:09:31;457,4;393,8;38,0;41,2;23,2;499,9;38,1;0,1;9,11E-2;-541,2;20,00;3,0;3,0;37,94;-0,09;-0,054;3,9;5,42;0,728
573;01.11.2023;12:20:22;00:09:32;457,9;396,4;38,0;41,4;23,2;500,7;38,2;0,1;9,11E-2;-541,2;20,00;3,0;3,0;37,95;-0,10;-0,053;3,9;5,43;0,726
574;01.11.2023;12:20:23;00:09:33;459,6;396,4;38,0;41,4;23,2;502,1;38,2;0,1;9,10E-2;-541,2;20,00;3,0;3,1;37,94;-0,09;-0,049;4,0;5,43;0,728
575;01.11.2023;12:20:24;00:09:34;461,8;398,9;38,2;41,5;23,2;503,7;38,3;0,1;9,09E-2;-541,2;20,00;3,0;3,0;37,94;-0,09;-0,054;4,0;5,44;0,728
576;01.11.2023;12:20:25;00:09:35;462,2;398,9;38,2;41,5;23,2;504,4;38,4;0,1;9,09E-2;-541,2;20,00;3,0;3,0;37,94;-0,10;-0,049;4,0;5,48;0,730
577;01.11.2023;12:20:26;00:09:36;464,2;401,6;38,4;41,7;23,3;505,9;38,4;0,1;9,08E-2;-541,2;20,00;3,0;3,0;37,94;-0,09;-0,047;4,0;5,46;0,733
578;01.11.2023;12:20:27;00:09:37;465,7;401,6;38,5;41,7;23,2;507,3;38,6;0,1;9,07E-2;-541,2;20,00;3,0;3,0;37,94;-0,10;-0,039;4,0;5,46;0,733
579;01.11.2023;12:20:28;00:09:38;466,3;401,6;38,5;41,7;23,2;508,0;38,7;0,1;9,07E-2;-541,2;20,00;3,0;2,9;37,94;-0,10;-0,042;4,0;5,43;0,736
580;01.11.2023;12:20:29;00:09:39;468,4;404,4;38,5;41,9;23,2;509,5;38,7;0,1;9,07E-2;-541,2;20,00;3,0;2,9;37,94;-0,10;-0,044;4,0;5,44;0,737
581;01.11.2023;12:20:30;00:09:40;470,3;407,1;38,7;42,1;23,3;511,1;38,7;0,1;9,06E-2;-541,2;20,00;3,0;3,0;37,94;-0,10;-0,043;4,1;5,47;0,741
582;01.11.2023;12:20:31;00:09:41;471,0;407,1;38,7;42,1;23,3;511,8;38,8;0,1;9,05E-2;-541,2;20,00;3,0;2,9;37,94;-0,10;-0,053;4,0;5,48;0,737
583;01.11.2023;12:20:32;00:09:42;472,4;407,1;38,8;42,2;23,3;513,2;39,0;0,1;9,05E-2;-541,2;20,00;3,0;3,0;37,94;-0,10;-0,054;4,1;5,47;0,742
584;01.11.2023;12:20:33;00:09:43;474,4;409,9;38,8;42,2;23,3;514,7;39,0;0,1;9,05E-2;-541,2;20,00;3,0;3,1;37,93;-0,10;-0,054;4,1;5,47;0,742
585;01.11.2023;12:20:34;00:09:44;475,4;412,5;39,0;42,4;23,3;515,4;39,0;0,1;9,04E-2;-541,2;20,00;3,0;3,1;37,93;-0,10;-0,051;4,0;5,47;0,742
586;01.11.2023;12:20:35;00:09:45;476,6;412,5;39,0;42,4;23,4;516,9;39,1;0,1;9,03E-2;-541,2;20,00;3,0;3,0;37,93;-0,10;-0,057;4,1;5,48;0,742
587;01.11.2023;12:20:36;00:09:46;477,8;412,5;39,1;42,4;23,4;517,6;39,2;0,1;9,03E-2;-541,2;20,00;3,0;3,0;37,93;-0,10;-0,052;4,1;5,48;0,747
588;01.11.2023;12:20:37;00:09:47;479,5;415,1;39,1;42,5;23,4;519,0;39,2;0,1;9,02E-2;-541,2;20,00;3,0;3,0;37,93;-0,10;-0,053;4,1;5,47;0,747
589;01.11.2023;12:20:38;00:09:48;481,5;417,8;39,3;42,7;23,4;520,6;39,2;0,1;9,01E-2;-541,2;20,00;3,0;3,0;37,93;-0,10;-0,053;4,1;5,50;0,752
590;01.11.2023;12:20:39;00:09:49;482,1;417,8;39,3;42,7;23,4;521,3;39,3;0,1;9,01E-2;-541,2;20,00;3,0;3,0;37,93;-0,11;-0,053;4,1;5,48;0,748
591;01.11.2023;12:20:40;00:09:50;483,8;417,8;39,4;42,8;23,4;522,8;39,5;0,1;9,00E-2;-541,2;20,00;3,0;2,9;37,93;-0,11;-0,061;4,1;5,52;0,752
592;01.11.2023;12:20:41;00:09:51;485,5;420,3;39,4;42,8;23,4;524,2;39,5;0,1;9,00E-2;-541,2;20,00;3,0;3,0;37,93;-0,11;-0,051;4,1;5,50;0,752
593;01.11.2023;12:20:42;00:09:52;486,4;422,8;39,6;43,0;23,4;525,0;39,6;0,1;8,99E-2;-541,2;20,00;3,0;3,1;37,93;-0,11;-0,051;4,2;5,52;0,756
594;01.11.2023;12:20:43;00:09:53;487,6;422,8;39,6;43,0;23,4;526,4;39,6;0,1;8,99E-2;-541,2;20,00;3,0;3,0;37,93;-0,11;-0,045;4,1;5,54;0,756
595;01.11.2023;12:20:44;00:09:54;489,7;425,3;39,7;43,2;23,5;528,0;39,6;0,1;8,98E-2;-541,2;20,00;3,0;3,0;37,93;-0,11;-0,047;4,2;5,50;0,758
596;01.11.2023;12:20:45;00:09:55;490,5;425,3;39,6;43,1;23,5;528,7;39,7;0,1;8,98E-2;-541,2;20,00;3,0;3,0;37,93;-0,11;-0,050;4,2;5,54;0,758
597;01.11.2023;12:20:46;00:09:56;492,1;428,0;39,8;43,3;23,4;530,2;39,7;0,1;8,97E-2;-541,2;20,00;3,0;3,0;37,92;-0,12;-0,050;4,2;5,53;0,761
598;01.11.2023;12:20:47;00:09:57;493,8;428,0;39,8;43,3;23,4;531,6;39,9;0,1;8,96E-2;-541,2;20,00;3,0;3,0;37,92;-0,11;-0,053;4,2;5,54;0,762
599;01.11.2023;12:20:48;00:09:58;494,6;428,0;39,8;43,3;23,4;532,3;40,1;0,1;8,95E-2;-541,2;20,00;3,0;3,0;37,92;-0,12;-0,044;4,2;5,52;0,762
600;01.11.2023;12:20:49;00:09:59;495,9;430,7;39,9;43,4;23,3;533,8;40,0;0,1;8,95E-2;-541,2;20,00;3,0;3,0;37,92;-0,11;-0,053;4,2;5,53;0,762
601;01.11.2023;12:20:50;00:10:00;497,1;433,4;40,1;43,6;23,3;534,6;40,2;0,1;8,95E-2;-541,2;20,00;3,0;3,0;37,92;-0,12;-0,052;4,2;5,52;0,764
602;01.11.2023;12:20:51;00:10:01;498,6;433,4;40,1;43,6;23,3;536,1;40,1;0,1;8,94E-2;-541,2;20,00;3,0;3,0;37,92;-0,12;-0,051;4,2;5,55;0,767
603;01.11.2023;12:20:52;00:10:02;500,2;436,2;40,3;43,8;23,3;537,5;40,4;0,1;8,93E-2;-541,2;20,00;3,0;3,0;37,92;-0,11;-0,047;4,2;5,54;0,769
604;01.11.2023;12:20:53;00:10:03;501,3;436,2;40,3;43,8;23,4;538,3;40,2;0,1;8,93E-2;-541,2;20,00;3,0;3,1;37,92;-0,12;-0,043;4,3;5,54;0,770
605;01.11.2023;12:20:54;00:10:04;502,7;438,8;40,4;43,9;23,4;539,7;40,3;0,1;8,93E-2;-541,2;20,00;3,0;3,0;37,91;-0,12;-0,050;4,3;5,51;0,772
606;01.11.2023;12:20:55;00:10:05;504,4;438,8;40,6;43,9;23,4;541,2;40,4;0,1;8,92E-2;-541,2;20,00;3,0;2,9;37,92;-0,12;-0,048;4,3;5,55;0,772
607;01.11.2023;12:20:56;00:10:06;505,2;438,8;40,6;44,1;23,4;542,0;40,6;0,1;8,91E-2;-541,2;20,00;3,0;2,9;37,91;-0,12;-0,051;4,3;5,53;0,776
608;01.11.2023;12:20:57;00:10:07;506,9;441,3;40,6;44,1;23,5;543,5;40,5;0,1;8,91E-2;-541,2;20,00;3,0;3,0;37,91;-0,12;-0,051;4,3;5,52;0,774
609;01.11.2023;12:20:58;00:10:08;508,4;443,9;40,7;44,2;23,5;544,9;40,5;0,1;8,90E-2;-541,2;20,00;3,0;3,0;37,92;-0,13;-0,044;4,3;5,55;0,777
610;01.11.2023;12:20:59;00:10:09;509,4;443,9;40,7;44,2;23,5;545,6;40,6;0,1;8,90E-2;-541,2;20,00;3,0;3,0;37,91;-0,12;-0,046;4,3;5,56;0,777
611;01.11.2023;12:21:00;00:10:10;510,9;446,5;40,9;44,4;23,5;547,1;40,6;0,1;8,89E-2;-541,2;20,00;3,0;3,1;37,91;-0,13;-0,040;4,3;5,56;0,777
612;01.11.2023;12:21:01;00:10:11;511,8;446,5;40,9;44,4;23,6;547,8;40,7;0,1;8,89E-2;-541,2;20,00;3,0;3,1;37,91;-0,12;-0,044;4,3;5,54;0,780
613;01.11.2023;12:21:02;00:10:12;513,5;449,0;41,0;44,6;23,6;549,4;40,8;0,1;8,88E-2;-541,2;20,00;3,0;3,1;37,91;-0,12;-0,043;4,4;5,59;0,781
614;01.11.2023;12:21:03;00:10:13;514,9;449,0;41,2;44,6;23,6;550,8;41,0;0,1;8,88E-2;-541,2;20,00;3,0;3,1;37,91;-0,13;-0,039;4,3;5,58;0,781
615;01.11.2023;12:21:04;00:10:14;515,8;451,6;41,2;44,7;23,6;551,6;40,9;0,1;8,88E-2;-541,2;20,00;3,0;3,0;37,91;-0,13;-0,044;4,4;5,57;0,782
616;01.11.2023;12:21:05;00:10:15;517,2;451,6;41,2;44,8;23,6;553,0;41,1;0,1;8,87E-2;-541,2;20,00;3,0;3,1;37,91;-0,13;-0,037;4,4;5,59;0,784
617;01.11.2023;12:21:06;00:10:16;518,6;454,3;41,4;44,9;23,7;554,5;41,1;0,1;8,87E-2;-541,2;20,00;3,0;3,0;37,91;-0,13;-0,041;4,4;5,60;0,788
618;01.11.2023;12:21:07;00:10:17;519,6;454,3;41,4;44,9;23,7;555,2;41,2;0,1;8,87E-2;-541,2;20,00;3,0;3,0;37,91;-0,13;-0,035;4,4;5,60;0,786
619;01.11.2023;12:21:08;00:10:18;521,2;454,3;41,6;45,1;23,7;556,7;41,4;0,1;8,86E-2;-541,2;20,00;3,0;3,0;37,91;-0,13;-0,032;4,4;5,60;0,791
620;01.11.2023;12:21:09;00:10:19;523,2;457,1;41,6;45,1;23,7;558,2;41,4;0,1;8,86E-2;-541,2;20,00;3,0;3,0;37,90;-0,13;-0,034;4,4;5,60;0,791
621;01.11.2023;12:21:10;00:10:20;523,9;459,8;41,7;45,3;23,7;558,9;41,4;0,1;8,85E-2;-541,2;20,00;3,0;3,0;37,91;-0,13;-0,032;4,4;5,64;0,791
622;01.11.2023;12:21:11;00:10:21;525,3;459,8;41,7;45,3;23,7;560,4;41,5;0,1;8,85E-2;-541,2;20,00;3,0;3,0;37,90;-0,13;-0,036;4,5;5,64;0,795
623;01.11.2023;12:21:12;00:10:22;526,8;462,6;41,9;45,4;23,7;561,8;41,6;0,1;8,85E-2;-541,2;20,00;3,0;3,0;37,91;-0,13;-0,027;4,5;5,61;0,796
624;01.11.2023;12:21:13;00:10:23;527,6;462,6;41,9;45,4;23,7;562,5;41,5;0,1;8,85E-2;-541,2;20,00;3,0;3,1;37,90;-0,13;-0,031;4,5;5,60;0,794
625;01.11.2023;12:21:14;00:10:24;528,9;465,2;42,1;45,6;23,8;564,1;41,6;0,1;8,84E-2;-541,2;20,00;3,0;3,0;37,90;-0,13;-0,030;4,5;5,62;0,800
626;01.11.2023;12:21:15;00:10:25;530,2;465,2;42,1;45,6;23,8;564,8;41,7;0,1;8,84E-2;-541,2;20,00;3,0;3,0;37,90;-0,13;-0,025;4,5;5,59;0,797
627;01.11.2023;12:21:16;00:10:26;531,5;467,8;42,2;45,8;23,8;566,3;41,6;0,1;8,84E-2;-541,2;20,00;3,0;3,0;37,90;-0,13;-0,030;4,5;5,64;0,799
628;01.11.2023;12:21:17;00:10:27;533,0;467,8;42,2;45,8;23,8;567,7;41,9;0,1;8,84E-2;-541,2;20,00;3,0;3,1;37,91;-0,13;-0,021;4,5;5,62;0,801
629;01.11.2023;12:21:18;00:10:28;533,7;470,4;42,4;45,9;23,8;568,5;42,0;0,1;8,83E-2;-541,2;20,00;3,0;3,1;37,90;-0,13;-0,023;4,5;5,61;0,802
630;01.11.2023;12:21:19;00:10:29;535,1;470,4;42,4;45,9;23,9;569,9;41,9;0,1;8,83E-2;-541,2;20,00;3,0;3,0;37,90;-0,14;-0,016;4,5;5,65;0,802
631;01.11.2023;12:21:20;00:10:30;537,1;473,2;42,5;46,1;23,9;571,5;42,1;0,1;8,83E-2;-541,2;20,00;3,0;3,0;37,91;-0,13;-0,015;4,6;5,64;0,806
632;01.11.2023;12:21:21;00:10:31;537,7;473,2;42,5;46,1;23,9;572,2;42,0;0,1;8,83E-2;-541,2;20,00;3,0;3,0;37,90;-0,13;-0,014;4,5;5,64;0,806
633;01.11.2023;12:21:22;00:10:32;539,1;475,8;42,7;46,2;23,9;573,7;42,1;0,1;8,83E-2;-541,2;20,00;3,0;3,0;37,90;-0,14;-0,012;4,6;5,63;0,809
634;01.11.2023;12:21:23;00:10:33;540,5;475,8;42,8;46,4;23,9;575,1;42,2;0,1;8,82E-2;-541,2;20,00;3,0;2,9;37,90;-0,13;-0,022;4,6;5,64;0,809
635;01.11.2023;12:21:24;00:10:34;541,2;478,6;42,8;46,4;23,9;575,8;42,1;0,1;8,82E-2;-541,2;20,00;3,0;3,0;37,90;-0,14;-0,018;4,6;5,62;0,811
636;01.11.2023;12:21:25;00:10:35;542,7;478,5;42,8;46,4;23,9;577,3;42,3;0,1;8,82E-2;-541,2;20,00;3,0;3,0;37,90;-0,13;-0,021;4,6;5,62;0,811
637;01.11.2023;12:21:26;00:10:36;544,6;478,5;43,0;46,6;23,9;578,9;42,6;0,1;8,82E-2;-541,2;20,00;3,0;2,9;37,90;-0,13;-0,021;4,6;5,65;0,816
638;01.11.2023;12:21:27;00:10:37;545,3;481,4;43,0;46,6;23,9;579,6;42,4;0,1;8,82E-2;-541,2;20,00;3,0;2,9;37,90;-0,14;-0,011;4,6;5,64;0,817
639;01.11.2023;12:21:28;00:10:38;546,6;481,4;43,1;46,8;23,9;581,0;42,6;0,1;8,82E-2;-541,2;20,00;3,0;3,0;37,90;-0,13;-0,009;4,6;5,66;0,816
640;01.11.2023;12:21:29;00:10:39;547,4;484,2;43,1;46,8;23,9;581,8;42,5;0,1;8,82E-2;-541,2;20,00;3,0;3,0;37,90;-0,13;-0,003;4,6;5,65;0,816
641;01.11.2023;12:21:30;00:10:40;548,8;487,0;43,3;46,9;23,9;583,2;42,6;0,1;8,82E-2;-541,2;20,00;3,0;2,9;37,90;-0,13;-0,006;4,7;5,68;0,821
642;01.11.2023;12:21:31;00:10:41;550,1;487,0;43,3;46,9;23,9;584,7;42,7;0,1;8,82E-2;-541,2;20,00;3,0;3,0;37,90;-0,14;0,000;4,6;5,64;0,819
643;01.11.2023;12:21:32;00:10:42;550,8;487,0;43,5;46,9;23,9;585,4;42,8;0,1;8,82E-2;-541,2;20,00;3,0;3,1;37,90;-0,13;0,004;4,7;5,68;0,821
644;01.11.2023;12:21:33;00:10:43;552,3;489,9;43,5;47,1;23,9;587,0;42,8;0,1;8,81E-2;-541,2;20,00;3,0;3,0;37,90;-0,13;-0,003;4,7;5,66;0,821
645;01.11.2023;12:21:34;00:10:44;553,9;492,5;43,6;47,3;23,9;588,4;42,8;0,1;8,81E-2;-541,2;20,00;3,0;3,0;37,90;-0,14;0,001;4,7;5,68;0,824
646;01.11.2023;12:21:35;00:10:45;554,7;492,5;43,6;47,3;24,0;589,1;42,8;0,1;8,81E-2;-541,2;20,00;3,0;3,0;37,90;-0,13;-0,001;4,7;5,68;0,824
647;01.11.2023;12:21:36;00:10:46;556,0;492,5;43,8;47,4;24,0;590,6;43,1;0,1;8,81E-2;-541,2;20,00;3,0;3,0;37,90;-0,14;0,004;4,7;5,66;0,825
648;01.11.2023;12:21:37;00:10:47;557,6;495,2;43,8;47,4;24,0;592,0;43,0;0,1;8,80E-2;-541,2;20,00;3,0;3,0;37,90;-0,13;-0,001;4,7;5,66;0,826
649;01.11.2023;12:21:38;00:10:48;558,5;497,8;43,9;47,6;24,0;592,8;43,1;0,1;8,80E-2;-541,2;20,00;3,0;3,0;37,90;-0,14;0,003;4,7;5,71;0,830
650;01.11.2023;12:21:39;00:10:49;559,8;497,8;43,9;47,6;24,0;594,3;43,1;0,1;8,79E-2;-541,2;20,00;3,0;3,0;37,90;-0,14;0,002;4,7;5,67;0,829
651;01.11.2023;12:21:40;00:10:50;560,4;497,8;44,1;47,8;24,0;595,0;43,2;0,1;8,79E-2;-541,2;20,00;3,0;3,0;37,90;-0,13;0,002;4,7;5,72;0,829
652;01.11.2023;12:21:41;00:10:51;561,9;500,5;44,1;47,8;24,0;596,5;43,2;0,1;8,79E-2;-541,2;20,00;3,0;3,0;37,90;-0,14;0,004;4,7;5,69;0,830
653;01.11.2023;12:21:42;00:10:52;563,4;503,1;44,3;47,9;24,1;597,9;43,2;0,1;8,78E-2;-541,2;20,00;3,0;3,0;37,90;-0,13;-0,005;4,7;5,70;0,831
654;01.11.2023;12:21:43;00:10:53;564,4;503,1;44,3;47,9;24,1;598,7;43,3;0,1;8,78E-2;-541,2;20,00;3,0;3,0;37,90;-0,14;0,003;4,7;5,68;0,831
655;01.11.2023;12:21:44;00:10:54;566,0;505,7;44,4;48,1;24,1;600,1;43,3;0,1;8,78E-2;-541,2;20,00;3,0;3,0;37,90;-0,13;0,000;4,8;5,72;0,835
656;01.11.2023;12:21:45;00:10:55;567,3;505,7;44,4;48,0;24,0;601,5;43,5;0,1;8,78E-2;-541,2;20,00;3,1;3,0;37,90;-0,13;0,003;4,8;5,65;0,835
657;01.11.2023;12:21:46;00:10:56;568,7;508,5;44,5;48,2;24,0;602,9;43,5;0,1;8,77E-2;-541,2;20,00;3,2;3,1;37,91;-0,13;0,018;4,8;5,72;0,837
658;01.11.2023;12:21:47;00:10:57;569,5;508,5;44,5;48,2;24,0;603,5;43,6;0,1;8,77E-2;-541,2;20,00;3,3;3,1;37,91;-0,13;0,030;4,8;5,70;0,838
659;01.11.2023;12:21:48;00:10:58;570,7;511,3;44,7;48,3;24,0;604,8;43,8;0,1;8,77E-2;-541,2;20,00;3,4;3,3;37,92;-0,12;0,088;4,8;5,72;0,841
660;01.11.2023;12:21:49;00:10:59;572,1;511,3;44,7;48,3;24,1;606,2;43,7;0,1;8,76E-2;-541,2;20,00;3,5;3,4;37,92;-0,12;0,152;4,8;5,71;0,842
661;01.11.2023;12:21:50;00:11:00;572,9;514,1;44,8;48,5;24,1;606,8;43,6;0,1;8,76E-2;-541,2;20,00;3,5;3,4;37,93;-0,12;0,185;4,8;5,70;0,845
662;01.11.2023;12:21:51;00:11:01;574,2;514,1;45,0;48,7;24,1;608,2;43,8;0,1;8,75E-2;-541,2;20,00;3,7;3,5;37,93;-0,11;0,237;4,8;5,70;0,845
663;01.11.2023;12:21:52;00:11:02;575,3;517,0;45,0;48,7;24,2;609,6;43,8;0,1;8,74E-2;-541,2;20,00;3,8;3,6;37,94;-0,10;0,281;4,9;5,71;0,849
664;01.11.2023;12:21:53;00:11:03;576,0;517,0;45,0;48,7;24,2;610,2;43,8;0,1;8,73E-2;-541,2;20,00;3,8;3,7;37,94;-0,10;0,288;4,8;5,72;0,847
665;01.11.2023;12:21:54;00:11:04;577,2;519,6;45,2;48,8;24,2;611,5;43,8;0,1;8,73E-2;-541,2;20,00;3,9;3,8;37,95;-0,09;0,308;4,9;5,73;0,850
666;01.11.2023;12:21:55;00:11:05;578,4;519,6;45,3;49,0;24,2;612,9;44,0;0,1;8,72E-2;-541,2;20,00;4,0;3,9;37,96;-0,08;0,329;4,9;5,72;0,852
667;01.11.2023;12:21:56;00:11:06;579,0;519,6;45,3;49,0;24,2;613,5;44,1;0,1;8,72E-2;-541,2;20,00;4,1;4,0;37,96;-0,07;0,340;4,9;5,71;0,855
668;01.11.2023;12:21:57;00:11:07;580,4;522,3;45,3;49,0;24,2;615,0;44,1;0,1;8,71E-2;-541,2;20,00;4,2;4,0;37,97;-0,06;0,373;4,9;5,72;0,855
669;01.11.2023;12:21:58;00:11:08;580,8;525,0;45,5;49,2;24,2;615,6;44,0;0,1;8,70E-2;-541,2;20,00;4,2;4,1;37,98;-0,06;0,401;4,9;5,73;0,855
670;01.11.2023;12:21:59;00:11:09;582,3;525,0;45,7;49,2;24,2;616,9;44,1;0,1;8,70E-2;-541,2;20,00;4,3;4,3;37,98;-0,05;0,433;4,9;5,72;0,860
671;01.11.2023;12:22:00;00:11:10;583,6;527,6;45,7;49,3;24,2;618,3;44,1;0,1;8,69E-2;-541,2;20,00;4,4;4,4;38,00;-0,04;0,458;4,9;5,72;0,860
672;01.11.2023;12:22:01;00:11:11;584,2;527,6;45,8;49,3;24,2;618,9;44,2;0,1;8,68E-2;-541,1;20,00;4,5;4,5;38,00;-0,03;0,476;5,0;5,75;0,861
673;01.11.2023;12:22:02;00:11:12;585,6;530,3;45,8;49,5;24,3;620,3;44,2;0,1;8,67E-2;-541,2;20,00;4,6;4,5;38,02;-0,01;0,534;5,0;5,73;0,864
674;01.11.2023;12:22:03;00:11:13;586,5;530,3;46,0;49,7;24,3;621,7;44,4;0,1;8,66E-2;-541,2;20,00;4,7;4,6;38,03;-0,01;0,571;5,0;5,73;0,869
675;01.11.2023;12:22:04;00:11:14;587,2;530,3;46,0;49,7;24,3;622,3;44,5;0,1;8,65E-2;-541,2;20,00;4,8;4,6;38,04;0,01;0,584;5,0;5,74;0,869
676;01.11.2023;12:22:05;00:11:15;588,5;533,1;46,0;49,7;24,3;623,6;44,4;0,1;8,65E-2;-541,2;20,00;4,9;4,8;38,06;0,02;0,637;5,0;5,70;0,874
677;01.11.2023;12:22:06;00:11:16;589,5;533,1;46,3;49,9;24,3;625,0;44,6;0,1;8,64E-2;-541,2;20,00;5,0;4,8;38,07;0,04;0,702;5,0;5,75;0,879
678;01.11.2023;12:22:07;00:11:17;590,4;536,0;46,3;49,9;24,4;625,6;44,5;0,1;8,63E-2;-541,2;20,00;5,0;4,9;38,09;0,05;0,750;5,1;5,75;0,879
679;01.11.2023;12:22:08;00:11:18;591,6;538,9;46,6;50,2;24,4;627,1;44,5;0,1;8,61E-2;-541,2;20,00;5,1;5,0;38,11;0,07;0,832;5,1;5,76;0,882
680;01.11.2023;12:22:09;00:11:19;592,1;538,9;46,6;50,2;24,4;627,7;44,5;0,1;8,61E-2;-541,2;20,00;5,2;5,1;38,12;0,09;0,872;5,1;5,73;0,882
681;01.11.2023;12:22:10;00:11:20;593,2;538,9;46,9;50,4;24,4;629,0;44,7;0,1;8,60E-2;-541,2;20,00;5,3;5,2;38,15;0,10;0,949;5,1;5,73;0,888
682;01.11.2023;12:22:11;00:11:21;594,5;541,8;46,9;50,4;24,4;630,4;44,7;0,1;8,59E-2;-541,2;20,00;5,4;5,3;38,16;0,13;1,012;5,1;5,73;0,888
683;01.11.2023;12:22:12;00:11:22;595,3;541,8;47,2;50,4;24,4;631,0;44,8;0,1;8,59E-2;-541,2;20,00;5,4;5,4;38,18;0,14;1,048;5,1;5,76;0,890
684;01.11.2023;12:22:13;00:11:23;596,2;544,7;47,2;50,7;24,4;632,3;44,7;0,1;8,58E-2;-541,2;20,00;5,5;5,5;38,21;0,17;1,137;5,1;5,77;0,892
685;01.11.2023;12:22:14;00:11:24;597,5;547,3;47,5;50,9;24,4;633,8;44,7;0,1;8,56E-2;-541,2;20,00;5,7;5,5;38,24;0,20;1,195;5,2;5,76;0,894
686;01.11.2023;12:22:15;00:11:25;598,1;547,3;47,5;50,9;24,5;634,4;44,8;0,1;8,56E-2;-541,2;20,00;5,7;5,6;38,25;0,22;1,222;5,1;5,77;0,899
687;01.11.2023;12:22:16;00:11:26;599,6;550,0;47,9;51,2;24,5;635,7;44,8;0,1;8,55E-2;-541,2;20,00;5,8;5,7;38,29;0,25;1,336;5,2;5,79;0,901
688;01.11.2023;12:22:17;00:11:27;600,7;550,0;47,9;51,2;24,5;637,1;44,9;0,1;8,54E-2;-541,2;20,00;5,9;5,8;38,32;0,28;1,463;5,2;5,77;0,903
689;01.11.2023;12:22:18;00:11:28;601,0;552,7;48,3;51,5;24,5;637,7;44,8;0,1;8,54E-2;-541,2;20,00;6,0;5,9;38,34;0,30;1,508;5,2;5,77;0,904
690;01.11.2023;12:22:19;00:11:29;602,5;552,7;48,7;51,8;24,5;639,0;45,0;0,1;8,53E-2;-541,2;20,00;6,1;6,0;38,38;0,34;1,633;5,2;5,74;0,906
691;01.11.2023;12:22:20;00:11:30;603,7;555,4;48,7;51,8;24,5;640,5;45,0;0,1;8,51E-2;-541,2;20,00;6,2;6,1;38,43;0,39;1,776;5,3;5,76;0,911
692;01.11.2023;12:22:21;00:11:31;604,6;555,4;48,7;51,8;24,5;641,1;45,0;0,1;8,50E-2;-541,2;20,00;6,2;6,1;38,45;0,41;1,841;5,3;5,80;0,911
693;01.11.2023;12:22:22;00:11:32;605,8;558,1;49,1;52,1;24,5;642,5;45,0;0,1;8,49E-2;-541,2;20,00;6,3;6,2;38,50;0,46;1,974;5,3;5,79;0,913
694;01.11.2023;12:22:23;00:11:33;606,5;558,1;49,1;52,1;24,5;643,1;45,1;0,1;8,49E-2;-541,2;20,00;6,4;6,3;38,53;0,48;2,047;5,3;5,80;0,913
695;01.11.2023;12:22:24;00:11:34;607,8;560,8;49,6;52,4;24,5;644,4;45,3;0,1;8,48E-2;-541,2;20,00;6,5;6,4;38,58;0,54;2,228;5,3;5,77;0,918
696;01.11.2023;12:22:25;00:11:35;608,9;560,9;49,6;52,4;24,5;645,8;45,2;0,1;8,47E-2;-541,2;20,00;6,6;6,5;38,63;0,59;2,335;5,3;5,76;0,918
697;01.11.2023;12:22:26;00:11:36;609,4;560,9;50,1;52,8;24,5;646,4;45,3;0,1;8,46E-2;-541,2;20,00;6,7;6,6;38,66;0,62;2,410;5,3;5,77;0,923
698;01.11.2023;12:22:27;00:11:37;610,6;563,7;50,1;52,8;24,6;647,8;45,3;0,1;8,44E-2;-541,2;20,00;6,8;6,7;38,72;0,68;2,565;5,4;5,75;0,926
699;01.11.2023;12:22:28;00:11:38;612,0;566,6;50,5;53,1;24,6;649,2;45,3;0,1;8,43E-2;-541,2;20,00;6,9;6,8;38,78;0,75;2,702;5,4;5,80;0,932
700;01.11.2023;12:22:29;00:11:39;612,7;566,6;50,5;53,1;24,6;649,8;45,3;0,1;8,42E-2;-541,2;20,00;6,9;6,8;38,81;0,77;2,754;5,4;5,77;0,930
701;01.11.2023;12:22:30;00:11:40;613,9;569,5;51,0;53,4;24,6;651,1;45,3;0,1;8,42E-2;-541,2;20,00;7,0;7,0;38,88;0,84;2,867;5,4;5,75;0,936
702;01.11.2023;12:22:31;00:11:41;614,7;569,5;51,0;53,4;24,7;652,5;45,4;0,1;8,41E-2;-541,2;20,00;7,1;7,1;38,95;0,90;3,018;5,4;5,79;0,938
703;01.11.2023;12:22:32;00:11:42;615,5;569,5;51,5;53,4;24,7;653,1;45,5;0,1;8,39E-2;-541,2;20,00;7,2;7,0;38,99;0,94;3,088;5,4;5,83;0,940
704;01.11.2023;12:22:33;00:11:43;616,7;572,3;51,5;53,7;24,7;654,6;45,5;0,1;8,38E-2;-541,2;20,00;7,3;7,2;39,06;1,02;3,236;5,4;5,77;0,943
705;01.11.2023;12:22:34;00:11:44;617,9;574,9;51,9;53,9;24,7;655,9;45,4;0,1;8,37E-2;-541,2;20,00;7,4;7,3;39,13;1,09;3,354;5,5;5,77;0,946
706;01.11.2023;12:22:35;00:11:45;618,2;574,9;51,9;53,9;24,7;656,5;45,5;0,1;8,37E-2;-541,2;20,00;7,5;7,4;39,17;1,13;3,398;5,5;5,77;0,947
707;01.11.2023;12:22:36;00:11:46;619,3;577,5;52,4;54,2;24,7;657,9;45,6;0,1;8,36E-2;-541,2;20,00;7,6;7,5;39,24;1,20;3,509;5,5;5,79;0,952
708;01.11.2023;12:22:37;00:11:47;620,1;577,5;52,4;54,2;24,7;658,5;45,6;0,1;8,35E-2;-541,2;20,00;7,6;7,5;39,29;1,24;3,535;5,5;5,81;0,952
709;01.11.2023;12:22:38;00:11:48;621,0;580,1;52,8;54,5;24,7;659,8;45,6;0,1;8,33E-2;-541,2;20,00;7,7;7,6;39,36;1,32;3,620;5,6;5,81;0,957
710;01.11.2023;12:22:39;00:11:49;622,3;580,1;53,2;54,7;24,7;661,3;45,7;0,1;8,32E-2;-541,2;20,00;7,8;7,7;39,45;1,40;3,718;5,6;5,81;0,959
711;01.11.2023;12:22:40;00:11:50;622,9;580,1;53,2;54,7;24,7;661,9;45,8;0,1;8,31E-2;-541,2;20,00;7,9;7,8;39,49;1,45;3,766;5,5;5,79;0,963
712;01.11.2023;12:22:41;00:11:51;623,9;582,8;53,2;54,7;24,8;663,2;45,8;0,1;8,30E-2;-541,2;20,00;8,0;7,9;39,57;1,53;3,845;5,6;5,83;0,966
713;01.11.2023;12:22:42;00:11:52;625,1;585,4;53,7;55,0;24,8;664,6;45,8;0,1;8,29E-2;-541,2;20,00;8,1;8,0;39,65;1,61;3,898;5,6;5,79;0,969
714;01.11.2023;12:22:43;00:11:53;625,7;585,4;53,7;55,0;24,8;665,2;45,9;0,1;8,28E-2;-541,2;20,00;8,1;8,1;39,69;1,65;3,936;5,6;5,81;0,969
715;01.11.2023;12:22:44;00:11:54;626,9;588,0;54,1;55,2;24,8;666,5;45,8;0,1;8,27E-2;-541,2;20,00;8,2;8,1;39,78;1,74;4,007;5,7;5,84;0,973
716;01.11.2023;12:22:45;00:11:55;627,9;587,9;54,0;55,2;24,8;668,0;46,0;0,1;8,26E-2;-541,2;20,00;8,4;8,3;39,87;1,83;4,110;5,7;5,82;0,980
717;01.11.2023;12:22:46;00:11:56;628,4;587,9;54,5;55,4;24,8;668,6;46,1;0,1;8,25E-2;-541,2;20,00;8,4;8,4;39,92;1,88;4,179;5,7;5,82;0,982
718;01.11.2023;12:22:47;00:11:57;629,6;590,7;54,5;55,4;24,8;670,0;46,1;0,1;8,24E-2;-541,2;20,00;8,5;8,5;40,01;1,97;4,306;5,8;5,82;0,987
719;01.11.2023;12:22:48;00:11:58;630,0;590,7;54,5;55,4;24,8;670,6;46,1;0,1;8,24E-2;-541,2;20,00;8,6;8,5;40,06;2,02;4,360;5,7;5,81;0,988
720;01.11.2023;12:22:49;00:11:59;631,1;593,5;54,9;55,6;24,8;671,9;46,1;0,1;8,23E-2;-541,2;20,00;8,7;8,6;40,17;2,12;4,512;5,7;5,80;0,991
721;01.11.2023;12:22:50;00:12:00;631,9;593,5;55,3;55,6;24,8;673,3;46,3;0,1;8,22E-2;-541,2;20,00;8,8;8,7;40,29;2,24;4,806;5,8;5,87;0,996
722;01.11.2023;12:22:51;00:12:01;632,6;596,4;55,3;55,8;24,8;674,0;46,1;0,1;8,21E-2;-541,2;20,00;8,8;8,8;40,36;2,32;5,044;5,8;5,84;1,001
723;01.11.2023;12:22:52;00:12:02;633,7;599,4;55,8;56,1;24,8;675,3;46,3;0,1;8,20E-2;-541,2;20,00;8,9;8,8;40,53;2,47;5,548;5,8;5,81;1,001
724;01.11.2023;12:22:53;00:12:03;628,5;599,4;55,8;56,1;24,9;676,7;46,2;0,1;8,19E-2;-541,2;20,00;9,0;8,7;41,63;2,74;6,681;5,8;5,84;0,936
725;01.11.2023;12:22:54;00:12:04;614,8;599,4;56,2;56,3;24,9;677,3;46,3;0,1;8,19E-2;-541,2;20,00;9,1;8,2;43,86;5,75;20,840;5,8;5,82;1,007
